"ClusterId","x","y","z"
2,-1.1514,-0.64769,0.64769
2,-2.9583,-1.0795,1.0795
2,-3.5661,-0.83708,0.83708
2,-4.3266,0.36328,-0.36328
2,-2.5722,-1.0871,1.0871
2,-3.9932,-0.54499,0.54499
2,-0.95578,-0.29485,0.29485
2,-3.833,0.6657,-0.6657
2,-2.3923,-1.1269,1.1269
2,-1.9601,-1.0665,1.0665
2,-3.0469,-1.0718,1.0718
2,-2.413,-1.1279,1.1279
2,-4.108,-0.087869,0.087869
2,-1.1714,-0.31233,0.31233
2,-2.7681,-1.1352,1.1352
2,-1.1777,-0.76949,0.76949
2,-3.154,-1.0602,1.0602
2,-2.8946,-1.1911,1.1911
2,-1.3028,-0.7351,0.7351
2,-4.2511,0.21641,-0.21641
2,-3.1559,0.98514,-0.98514
2,-2.0418,-1.0797,1.0797
2,-2.899,1.0487,-1.0487
2,-1.0837,-0.095362,0.095362
2,-1.6206,0.94131,-0.94131
2,-1.8267,-1.2573,1.2573
2,-4.0974,-0.44414,0.44414
2,-4.2157,-0.26545,0.26545
2,-1.3033,-0.6499,0.6499
2,-1.2163,-0.45605,0.45605
2,-3.4797,0.90655,-0.90655
2,-2.7151,1.125,-1.125
2,-3.9113,-0.51955,0.51955
2,-1.5557,-0.88274,0.88274
2,-4.3801,0.087298,-0.087298
2,-1.1245,0.28159,-0.28159
2,-3.0302,-1.2535,1.2535
2,-2.5449,-1.0706,1.0706
2,-3.6845,-0.91534,0.91534
2,-3.4372,-1.0807,1.0807
2,-3.7757,0.8905,-0.8905
2,-1.1878,0.62087,-0.62087
2,-4.1589,-0.28401,0.28401
2,-3.2125,-0.9612,0.9612
2,-3.857,0.61356,-0.61356
2,-1.7667,-0.95388,0.95388
2,-2.9111,1.0417,-1.0417
2,-2.203,1.1245,-1.1245
2,-2.5403,1.093,-1.093
2,-2.408,-1.1632,1.1632
2,-3.566,-0.96953,0.96953
2,-3.6697,0.80916,-0.80916
2,-2.7594,1.3257,-1.3257
2,-1.357,-0.78321,0.78321
2,-4.398,0.037482,-0.037482
2,-1.0549,-0.31045,0.31045
2,-4.3426,-0.071508,0.071508
2,-4.0619,-0.19809,0.19809
2,-4.0996,-0.5972,0.5972
2,-3.6004,0.94977,-0.94977
2,-3.1893,-0.96783,0.96783
2,-1.3747,0.71177,-0.71177
2,-3.6713,-0.84591,0.84591
2,-0.78591,0.065612,-0.065612
2,-4.1481,0.5725,-0.5725
2,-1.5134,0.84312,-0.84312
2,-2.9386,-1.1551,1.1551
2,-3.8321,-0.94052,0.94052
2,-1.0836,0.61566,-0.61566
2,-0.91718,-0.23737,0.23737
2,-3.7932,0.68321,-0.68321
2,-4.02,0.40242,-0.40242
2,-3.8144,0.60496,-0.60496
2,-4.1267,0.53834,-0.53834
2,-3.8465,-0.68266,0.68266
2,-1.3624,-0.79587,0.79587
2,-4.1195,-0.23686,0.23686
2,-1.1385,0.20915,-0.20915
2,-1.6516,0.92727,-0.92727
2,-2.8026,1.0721,-1.0721
2,-3.3934,-1.0122,1.0122
2,-2.4044,-1.295,1.295
2,-3.5929,1.0377,-1.0377
2,-3.7863,-0.65043,0.65043
2,-3.8084,0.6365,-0.6365
2,-3.3506,1.0208,-1.0208
2,-2.8463,-1.1143,1.1143
2,-4.1432,0.33606,-0.33606
2,-1.1233,0.83116,-0.83116
2,-3.4055,0.89958,-0.89958
2,-1.2004,-0.41514,0.41514
2,-3.865,-0.65959,0.65959
2,-2.9884,-1.2612,1.2612
2,-2.3948,-1.0524,1.0524
2,-1.3907,-0.68284,0.68284
2,-4.034,0.2869,-0.2869
2,-2.2341,1.1327,-1.1327
2,-2.9209,1.0608,-1.0608
2,-1.3624,-0.84425,0.84425
2,-2.8382,1.1381,-1.1381
2,-1.7006,-0.90498,0.90498
2,-2.6205,1.1001,-1.1001
2,-3.3266,-1.154,1.154
2,-0.99508,-0.14834,0.14834
2,-1.3028,0.69514,-0.69514
2,-2.966,1.1857,-1.1857
2,-1.6887,0.84949,-0.84949
2,-2.0753,0.99125,-0.99125
2,-4.0399,0.69133,-0.69133
2,-4.0382,-0.89426,0.89426
2,-1.769,-0.89924,0.89924
2,-3.4964,-0.88139,0.88139
2,-1.3729,-0.59528,0.59528
2,-0.81668,-0.033919,0.033919
2,-3.754,0.80598,-0.80598
2,-1.9827,1.0194,-1.0194
2,-2.6117,1.2232,-1.2232
2,-1.4633,-0.71524,0.71524
2,-1.8986,1.3008,-1.3008
2,-3.4585,-1.0073,1.0073
2,-4.2696,-0.34829,0.34829
2,-2.3464,-1.2802,1.2802
2,-1.3306,0.83934,-0.83934
2,-4.3046,0.067219,-0.067219
2,-1.4731,0.87275,-0.87275
2,-2.4732,1.3137,-1.3137
2,-3.08,1.2297,-1.2297
2,-1.538,0.76241,-0.76241
2,-3.5591,-1.2033,1.2033
2,-3.9581,-0.42565,0.42565
2,-4.0971,0.17676,-0.17676
2,-0.94794,0.45243,-0.45243
2,-1.5059,-0.88247,0.88247
2,-4.1215,0.77059,-0.77059
2,-3.5231,0.83465,-0.83465
2,-4.0452,0.24992,-0.24992
2,-1.6966,1.004,-1.004
2,-2.6427,1.2473,-1.2473
2,-4.057,-0.27383,0.27383
2,-3.5711,0.7954,-0.7954
2,-2.8491,-1.1787,1.1787
2,-1.3357,0.77288,-0.77288
2,-1.3182,0.82936,-0.82936
2,-3.7557,-0.99922,0.99922
2,-3.0508,-1.0613,1.0613
2,-1.2151,0.52074,-0.52074
2,-2.1263,1.1688,-1.1688
2,-3.8135,-1.0713,1.0713
2,-2.906,-1.2866,1.2866
2,-1.1831,0.59589,-0.59589
2,-4.0956,0.69903,-0.69903
2,-1.5862,0.768,-0.768
2,-1.3933,-0.75027,0.75027
2,-0.86048,-0.17425,0.17425
2,-1.6183,0.80551,-0.80551
2,-4.2932,0.54425,-0.54425
2,-1.0897,-0.49348,0.49348
2,-4.3036,-0.58199,0.58199
2,-1.6579,1.0655,-1.0655
2,-4.0034,0.51805,-0.51805
2,-4.4285,0.48895,-0.48895
2,-1.7591,-0.88007,0.88007
2,-3.5144,1.1172,-1.1172
2,-1.3652,-0.66562,0.66562
2,-1.5832,0.90905,-0.90905
2,-4.1458,0.0063135,-0.0063135
2,-1.5524,0.7661,-0.7661
2,-1.3542,-0.74863,0.74863
2,-2.2981,-1.2076,1.2076
2,-2.3037,1.2407,-1.2407
2,-2.3493,-1.2247,1.2247
2,-1.3793,0.92491,-0.92491
2,-1.1802,-0.94811,0.94811
2,-1.6412,1.1236,-1.1236
2,-0.95685,0.15269,-0.15269
2,-3.7034,1.0537,-1.0537
2,-1.8335,0.98407,-0.98407
2,-2.56,1.2068,-1.2068
2,-1.9715,1.0728,-1.0728
2,-1.0206,-0.24889,0.24889
2,-3.5198,-0.97662,0.97662
2,-2.6504,-1.0893,1.0893
2,-3.7576,0.73918,-0.73918
2,-3.814,-0.80744,0.80744
2,-4.0635,0.23719,-0.23719
2,-3.2617,-1.1471,1.1471
2,-1.4393,-0.93167,0.93167
2,-3.9738,0.41167,-0.41167
2,-3.9302,-0.5144,0.5144
2,-3.8905,-0.88797,0.88797
2,-4.1628,-0.23638,0.23638
2,-1.8701,1.0858,-1.0858
2,-2.7376,1.1677,-1.1677
2,-1.0765,0.38204,-0.38204
2,-3.936,-0.56038,0.56038
2,-3.535,0.89605,-0.89605
2,-1.1585,0.56348,-0.56348
2,-2.4976,1.1953,-1.1953
2,-1.2083,0.62761,-0.62761
2,-4.142,0.72401,-0.72401
2,-3.5811,-0.98533,0.98533
2,-4.2275,-0.087614,0.087614
2,-3.8286,1.0735,-1.0735
2,-1.257,0.78649,-0.78649
2,-2.6099,1.2122,-1.2122
2,-1.0778,0.25008,-0.25008
2,-3.8748,0.68964,-0.68964
2,-1.8897,0.9438,-0.9438
2,-2.8705,-1.0608,1.0608
2,-3.7006,-0.9514,0.9514
2,-3.2744,1.1998,-1.1998
2,-3.9534,0.69457,-0.69457
2,-1.886,0.97099,-0.97099
2,-3.375,-0.95639,0.95639
2,-3.9343,0.53056,-0.53056
2,-4.127,-0.12899,0.12899
2,-1.1584,-0.42078,0.42078
2,-4.3377,-0.13634,0.13634
2,-2.258,-1.0877,1.0877
2,-1.8263,-0.91349,0.91349
2,-2.1568,-1.1511,1.1511
2,-3.6681,-0.76403,0.76403
2,-3.0892,1.1649,-1.1649
2,-4.155,0.39705,-0.39705
2,-2.7237,-1.2291,1.2291
2,-1.1212,0.44188,-0.44188
2,-2.5017,1.2401,-1.2401
2,-1.6022,-0.84368,0.84368
2,-1.7612,0.95269,-0.95269
2,-3.4272,0.97717,-0.97717
2,-1.6014,0.82569,-0.82569
2,-4.2855,-0.17905,0.17905
2,-1.3906,-0.68969,0.68969
2,-3.6366,0.79296,-0.79296
2,-3.7247,-0.878,0.878
2,-1.077,0.05231,-0.05231
2,-3.6133,-0.88579,0.88579
2,-2.5929,1.1114,-1.1114
2,-1.165,-0.63757,0.63757
2,-1.2351,0.44525,-0.44525
2,-3.405,-1.1507,1.1507
2,-1.4425,-0.86651,0.86651
2,-3.0374,1.1091,-1.1091
2,-3.743,0.79163,-0.79163
2,-3.2943,-1.1831,1.1831
2,-1.5769,0.88012,-0.88012
2,-3.6573,-0.81319,0.81319
2,-2.1278,0.99843,-0.99843
2,-4.5036,0.0083586,-0.0083586
2,-2.6658,1.1406,-1.1406
2,-1.6835,0.8357,-0.8357
2,-4.0693,0.65492,-0.65492
2,-1.4427,0.75334,-0.75334
2,-3.8572,-0.61849,0.61849
2,-4.019,0.66883,-0.66883
2,-3.78,-0.69464,0.69464
2,-2.3815,-1.2596,1.2596
2,-4.1984,0.31256,-0.31256
2,-3.1276,1.1181,-1.1181
2,-4.3217,0.03693,-0.03693
2,-2.556,-1.213,1.213
2,-1.7803,-1.0561,1.0561
2,-3.2461,1.1465,-1.1465
2,-3.6037,-0.85902,0.85902
2,-1.0631,0.69172,-0.69172
2,-4.0981,0.034969,-0.034969
2,-3.2242,-1.0002,1.0002
2,-1.5728,-1.0096,1.0096
2,-0.92891,0.35813,-0.35813
2,-3.7414,-0.9051,0.9051
2,-4.516,-0.21851,0.21851
2,-1.9621,-1.0191,1.0191
2,-4.1539,-0.071883,0.071883
2,-4.0294,0.44909,-0.44909
2,-1.8561,0.95231,-0.95231
2,-1.2299,0.74214,-0.74214
2,-3.8466,-0.62839,0.62839
2,-2.4036,-1.2658,1.2658
2,-1.178,-0.77685,0.77685
2,-3.0338,1.1681,-1.1681
2,-3.5058,-1.0408,1.0408
2,-4.1641,-0.3847,0.3847
2,-1.6004,0.80024,-0.80024
2,-1.339,-0.84122,0.84122
2,-1.515,0.93402,-0.93402
2,-1.8725,-1.2782,1.2782
2,-1.4709,0.8023,-0.8023
2,-1.3418,0.61344,-0.61344
2,-2.6969,1.2586,-1.2586
2,-3.1164,-0.99394,0.99394
2,-2.3888,1.2214,-1.2214
2,-0.87264,-0.073727,0.073727
2,-3.5316,-0.96627,0.96627
2,-0.98437,-0.56553,0.56553
2,-1.9771,0.98441,-0.98441
2,-3.9638,-0.46682,0.46682
2,-3.939,0.58918,-0.58918
2,-3.3743,0.92085,-0.92085
2,-3.3972,-1.0415,1.0415
2,-2.0024,-1.0227,1.0227
2,-3.7129,0.87671,-0.87671
2,-3.4355,-1.1251,1.1251
2,-3.8303,-0.64003,0.64003
2,-1.9873,-1.3085,1.3085
2,-1.604,1.0975,-1.0975
2,-3.057,1.014,-1.014
2,-4.327,-0.45459,0.45459
2,-3.8688,0.76176,-0.76176
2,-3.0383,-1.0437,1.0437
2,-0.96892,-0.74104,0.74104
2,-3.4841,-0.99371,0.99371
2,-3.4322,0.93084,-0.93084
2,-3.2711,0.94779,-0.94779
2,-1.2566,0.79814,-0.79814
2,-1.1655,-0.73857,0.73857
2,-1.4346,-0.68434,0.68434
2,-1.182,0.60512,-0.60512
2,-1.5046,-0.76731,0.76731
2,-0.80002,0.21817,-0.21817
2,-1.7318,-0.86288,0.86288
2,-2.4962,-1.1374,1.1374
2,-2.98,-1.1949,1.1949
2,-1.2611,-0.83254,0.83254
2,-2.1878,-1.3173,1.3173
2,-0.99877,-0.23844,0.23844
2,-3.9655,0.51091,-0.51091
2,-3.7355,-0.70721,0.70721
2,-3.6338,-0.94738,0.94738
2,-1.1175,-0.32284,0.32284
2,-4.1192,0.10778,-0.10778
2,-3.7633,-1.0177,1.0177
2,-1.4415,0.94917,-0.94917
2,-3.4691,-0.95446,0.95446
2,-2.8064,1.2462,-1.2462
2,-1.0217,-0.48461,0.48461
2,-4.0636,0.45349,-0.45349
2,-0.95945,0.13696,-0.13696
2,-3.1811,-1.125,1.125
2,-4.0626,0.37011,-0.37011
2,-4.0049,0.74764,-0.74764
2,-3.8613,-0.63949,0.63949
2,-2.7695,1.2035,-1.2035
2,-3.597,-0.84333,0.84333
2,-3.538,-0.81677,0.81677
2,-1.2406,-0.49049,0.49049
2,-2.0594,1.2224,-1.2224
2,-2.606,1.0903,-1.0903
2,-1.658,-0.91795,0.91795
2,-2.5574,1.2509,-1.2509
2,-1.5014,-0.94121,0.94121
2,-1.1595,0.36844,-0.36844
2,-1.1503,-0.4087,0.4087
2,-1.0302,-0.37468,0.37468
2,-1.0851,0.47692,-0.47692
2,-2.0922,1.0797,-1.0797
2,-2.1194,-1.216,1.216
2,-2.3215,-1.2324,1.2324
2,-2.8448,-1.1705,1.1705
2,-2.0049,1.1122,-1.1122
2,-3.0195,-1.0091,1.0091
2,-4.2686,-0.017083,0.017083
2,-3.838,-0.90779,0.90779
2,-3.1559,-1.0074,1.0074
2,-2.8409,1.3715,-1.3715
2,-1.2486,-0.47166,0.47166
2,-4.1472,-0.16022,0.16022
2,-0.83625,0.026604,-0.026604
2,-1.9873,-1.2216,1.2216
2,-3.2982,-1.0702,1.0702
2,-3.9635,-0.93609,0.93609
2,-0.88434,0.32094,-0.32094
2,-1.4261,0.66141,-0.66141
2,-4.1596,-0.12781,0.12781
2,-4.1162,0.69237,-0.69237
2,-1.6254,1.0071,-1.0071
2,-3.4318,1.0471,-1.0471
2,-0.99329,-0.12635,0.12635
2,-2.3716,-1.0618,1.0618
2,-1.1156,0.18999,-0.18999
2,-0.72693,-0.29374,0.29374
2,-2.1011,-1.1004,1.1004
2,-1.0255,-0.0061436,0.0061436
2,-1.0597,0.17235,-0.17235
2,-3.165,1.3096,-1.3096
2,-4.2532,0.21715,-0.21715
2,-3.9697,0.66034,-0.66034
2,-3.3808,-1.1349,1.1349
2,-4.0226,0.4326,-0.4326
2,-4.0913,0.57664,-0.57664
2,-3.1558,1.1615,-1.1615
2,-1.0063,0.44358,-0.44358
2,-1.8299,-1.0247,1.0247
2,-1.4975,-0.84579,0.84579
2,-3.8044,0.72634,-0.72634
2,-1.4269,0.9606,-0.9606
2,-4.0943,0.059134,-0.059134
2,-1.1055,0.56476,-0.56476
2,-1.3906,-0.73567,0.73567
2,-3.2514,-1.1942,1.1942
2,-3.3463,-0.917,0.917
2,-1.2262,-0.49803,0.49803
2,-1.5714,0.87936,-0.87936
2,-3.7545,0.66612,-0.66612
2,-1.1402,-0.79125,0.79125
2,-1.2923,-0.92458,0.92458
2,-3.4045,1.1142,-1.1142
2,-1.9924,-1.0402,1.0402
2,-1.4027,-0.71442,0.71442
2,-3.2645,-0.99303,0.99303
2,-1.0984,-0.70475,0.70475
2,-2.0994,-1.0598,1.0598
2,-4.4288,-0.4524,0.4524
2,-1.2008,0.41284,-0.41284
2,-3.6586,-0.75931,0.75931
2,-3.7405,0.79823,-0.79823
2,-3.0213,-1.0907,1.0907
2,-1.5622,0.75767,-0.75767
2,-1.2007,-0.59067,0.59067
2,-2.5321,1.3928,-1.3928
2,-1.1803,-0.55077,0.55077
2,-1.0867,0.37488,-0.37488
2,-2.5086,1.2609,-1.2609
2,-1.3911,0.69761,-0.69761
2,-1.3327,0.76336,-0.76336
2,-3.6109,-0.85917,0.85917
2,-3.9321,-0.63882,0.63882
2,-4.3249,0.30421,-0.30421
2,-4.2056,-0.065464,0.065464
2,-2.4776,1.083,-1.083
2,-3.8904,0.93536,-0.93536
2,-0.77812,0.15601,-0.15601
2,-1.4986,0.88388,-0.88388
2,-3.8012,-0.66413,0.66413
2,-3.1801,1.0565,-1.0565
2,-3.9968,-0.65485,0.65485
2,-1.7693,1.0207,-1.0207
2,-4.1968,-0.59365,0.59365
2,-1.705,0.84276,-0.84276
2,-3.6578,-0.93061,0.93061
2,-0.897,0.21232,-0.21232
2,-1.6129,0.90176,-0.90176
2,-3.8523,-0.80295,0.80295
2,-1.3908,-0.78903,0.78903
2,-4.0806,-0.30635,0.30635
2,-3.9034,-0.7617,0.7617
2,-1.5802,-1.0887,1.0887
2,-3.1006,1.0577,-1.0577
2,-2.0929,-1.0529,1.0529
2,-3.9256,0.50133,-0.50133
2,-3.2819,1.1192,-1.1192
2,-2.1978,1.0215,-1.0215
2,-3.649,0.9539,-0.9539
2,-1.724,-1.185,1.185
2,-4.1491,-0.16699,0.16699
2,-2.4644,1.0848,-1.0848
2,-3.325,0.99784,-0.99784
2,-1.5086,-0.86645,0.86645
2,-3.3925,1.029,-1.029
2,-1.1152,-0.11593,0.11593
2,-3.8672,-0.83104,0.83104
2,-1.2198,0.59034,-0.59034
2,-4.1582,0.071496,-0.071496
2,-1.1211,0.29555,-0.29555
2,-4.2677,-0.17961,0.17961
2,-4.0764,-0.13782,0.13782
2,-1.5475,0.9648,-0.9648
2,-2.5426,-1.2191,1.2191
2,-4.0965,-0.46502,0.46502
2,-0.87402,0.20089,-0.20089
2,-3.9311,-1.0142,1.0142
2,-3.3855,-1.1035,1.1035
2,-0.97602,0.45238,-0.45238
2,-2.5804,-1.0606,1.0606
2,-4.2201,0.67739,-0.67739
2,-4.0756,0.13006,-0.13006
2,-2.3829,1.1724,-1.1724
2,-3.9473,-0.56764,0.56764
2,-4.3626,0.57914,-0.57914
2,-1.6525,-0.89513,0.89513
2,-1.3246,0.82612,-0.82612
2,-2.8054,-1.099,1.099
2,-3.0716,1.1708,-1.1708
2,-3.7126,0.8804,-0.8804
2,-3.8503,0.7869,-0.7869
2,-3.5518,1.0368,-1.0368
2,-3.3779,0.90971,-0.90971
2,-2.4265,1.2264,-1.2264
2,-1.2346,-0.53701,0.53701
2,-4.2573,0.6919,-0.6919
2,-1.2011,-0.79204,0.79204
2,-0.86186,-0.055912,0.055912
2,-3.7023,-0.73008,0.73008
2,-3.5272,0.9318,-0.9318
2,-4.3678,0.55771,-0.55771
2,-3.6872,-0.74693,0.74693
2,-3.8263,1.0755,-1.0755
2,-3.2219,1.0955,-1.0955
2,-2.6293,1.0931,-1.0931
2,-1.3881,0.68004,-0.68004
2,-1.6826,-0.9512,0.9512
2,-1.2416,-0.47095,0.47095
2,-1.3254,0.69949,-0.69949
2,-4.0342,0.32489,-0.32489
2,-1.8902,-1.2624,1.2624
2,-1.799,0.92917,-0.92917
2,-2.9174,-1.1678,1.1678
2,-3.8278,-0.59686,0.59686
2,-4.3933,0.233,-0.233
2,-1.5348,0.89449,-0.89449
2,-2.2566,1.3006,-1.3006
2,-3.1743,1.0718,-1.0718
2,-1.1075,-0.4531,0.4531
2,-2.1915,1.0441,-1.0441
2,-4.1506,-0.31629,0.31629
2,-2.2108,1.0772,-1.0772
2,-3.9945,-0.96684,0.96684
2,-3.6072,0.94457,-0.94457
2,-3.2853,-1.1992,1.1992
2,-2.2638,1.1478,-1.1478
2,-2.6365,1.0577,-1.0577
2,-3.2484,-1.1053,1.1053
2,-3.4062,0.91492,-0.91492
2,-3.1998,-1.0089,1.0089
2,-1.3461,-0.9866,0.9866
2,-3.8491,-0.7159,0.7159
2,-4.0026,-0.70452,0.70452
2,-1.4382,-0.805,0.805
2,-3.7764,1.1213,-1.1213
2,-0.75384,0.41005,-0.41005
2,-1.4236,0.93262,-0.93262
2,-3.1404,-1.0083,1.0083
2,-4.4735,0.31399,-0.31399
2,-3.8199,-0.79535,0.79535
2,-3.5854,0.96465,-0.96465
2,-4.1802,0.054707,-0.054707
2,-4.0088,0.49023,-0.49023
2,-1.4259,0.66721,-0.66721
2,-4.1882,-0.014101,0.014101
2,-0.67146,-0.19984,0.19984
2,-3.1278,1.0289,-1.0289
2,-4.1648,-0.34539,0.34539
2,-1.2419,0.58495,-0.58495
2,-3.5005,1.1295,-1.1295
2,-1.4278,-0.70667,0.70667
2,-3.178,-1.0235,1.0235
2,-4.0592,0.31969,-0.31969
2,-2.9989,-1.2415,1.2415
2,-4.3797,0.053775,-0.053775
2,-0.97478,-0.60973,0.60973
2,-3.9289,-0.80618,0.80618
2,-0.80313,0.28462,-0.28462
2,-1.009,0.78717,-0.78717
2,-1.5929,-0.94229,0.94229
2,-2.1702,1.1912,-1.1912
2,-1.0433,-0.45596,0.45596
2,-2.8719,-1.0657,1.0657
2,-4.0853,-0.22919,0.22919
2,-1.1914,0.36556,-0.36556
2,-1.0934,0.41538,-0.41538
2,-3.9482,-0.59054,0.59054
2,-4.0048,-0.38208,0.38208
2,-3.2744,1.1228,-1.1228
2,-3.8263,0.71504,-0.71504
2,-3.9211,0.72975,-0.72975
2,-1.3113,0.86961,-0.86961
2,-1.4292,0.76424,-0.76424
2,-2.4186,-1.0444,1.0444
2,-1.9383,-0.99682,0.99682
2,-1.7265,1.0079,-1.0079
2,-1.6658,0.9082,-0.9082
2,-2.0982,1.1208,-1.1208
2,-4.1384,0.19318,-0.19318
2,-1.581,-1.0097,1.0097
2,-3.5224,-0.8438,0.8438
2,-2.5335,1.0569,-1.0569
2,-2.3687,-1.0422,1.0422
2,-3.6908,-0.86491,0.86491
2,-3.3357,-1.1778,1.1778
2,-1.1908,0.36187,-0.36187
2,-4.3705,0.1242,-0.1242
2,-4.1099,-0.40886,0.40886
2,-1.0227,-0.34336,0.34336
2,-3.2007,-1.0197,1.0197
2,-3.5337,0.82085,-0.82085
2,-3.5406,0.8531,-0.8531
2,-1.2789,-0.89991,0.89991
2,-1.4583,-0.80556,0.80556
2,-0.9335,0.36165,-0.36165
2,-4.0598,-0.38802,0.38802
2,-1.9829,-0.99346,0.99346
2,-4.0933,-0.09519,0.09519
2,-3.7456,-0.77467,0.77467
2,-3.1106,-1.2328,1.2328
2,-3.8906,0.67843,-0.67843
2,-3.2048,-0.9929,0.9929
2,-3.883,0.97921,-0.97921
2,-1.1459,-0.80135,0.80135
2,-3.5182,0.82735,-0.82735
2,-1.1261,0.81117,-0.81117
2,-3.4822,0.89244,-0.89244
2,-1.0628,-0.66469,0.66469
2,-3.6203,0.93585,-0.93585
2,-2.2343,-1.3554,1.3554
2,-3.3455,-1.0533,1.0533
2,-3.4801,1.1832,-1.1832
2,-1.1697,-0.82429,0.82429
2,-2.9224,-1.1296,1.1296
2,-1.9271,-0.99234,0.99234
2,-1.3458,-0.91961,0.91961
2,-3.3698,0.91757,-0.91757
2,-1.9337,-1.2418,1.2418
2,-0.65236,-0.086403,0.086403
2,-3.4131,0.97308,-0.97308
2,-0.97795,0.1233,-0.1233
2,-3.6731,0.80641,-0.80641
2,-1.0132,-0.7461,0.7461
2,-3.0874,-1.1981,1.1981
2,-1.0303,0.078878,-0.078878
2,-1.2419,-0.75108,0.75108
2,-2.2604,-1.0591,1.0591
2,-3.7878,-0.72002,0.72002
2,-0.94568,-0.61826,0.61826
2,-1.2339,-0.57467,0.57467
2,-3.2772,-1.1411,1.1411
2,-0.81528,0.45,-0.45
2,-4.0328,-0.58922,0.58922
2,-2.9868,1.1649,-1.1649
2,-4.4214,0.011491,-0.011491
2,-0.75837,0.059028,-0.059028
2,-3.774,0.67334,-0.67334
2,-4.1699,-0.11704,0.11704
2,-3.9952,-0.62535,0.62535
2,-1.1151,0.28073,-0.28073
2,-1.2018,0.6533,-0.6533
2,-3.6686,-0.72948,0.72948
2,-4.5623,0.016384,-0.016384
2,-1.8932,-1.1146,1.1146
2,-2.0921,-1.173,1.173
2,-4.1252,0.07958,-0.07958
2,-1.5261,-0.82819,0.82819
2,-1.4213,0.66608,-0.66608
2,-2.0518,1.1068,-1.1068
2,-1.3451,-0.70891,0.70891
2,-3.7926,0.66238,-0.66238
2,-3.2975,-1.0451,1.0451
2,-4.0515,-0.45138,0.45138
2,-3.9922,-0.51743,0.51743
2,-1.9861,-0.98534,0.98534
2,-2.9574,-1.0439,1.0439
2,-3.1694,-1.1492,1.1492
2,-4.0193,0.65585,-0.65585
2,-2.5063,-1.0719,1.0719
2,-2.3273,1.1443,-1.1443
2,-3.4859,-0.95833,0.95833
2,-1.9051,1.0467,-1.0467
2,-3.6923,-0.77874,0.77874
2,-4.1767,0.27169,-0.27169
2,-1.6219,0.97669,-0.97669
2,-4.1435,-0.35752,0.35752
2,-3.9669,0.66968,-0.66968
2,-3.935,0.70765,-0.70765
2,-2.2944,-1.2739,1.2739
2,-3.3081,1.1309,-1.1309
2,-2.7083,1.0969,-1.0969
2,-2.8684,-1.2257,1.2257
2,-1.4804,0.70621,-0.70621
2,-1.9691,-1.0468,1.0468
2,-1.1139,0.59036,-0.59036
2,-3.8204,0.80649,-0.80649
2,-1.7636,-1.0312,1.0312
2,-2.3261,-1.1783,1.1783
2,-4.2757,0.21588,-0.21588
2,-4.1129,0.52365,-0.52365
2,-3.5352,-1.0046,1.0046
2,-1.7894,1.1992,-1.1992
2,-4.1106,0.33285,-0.33285
2,-1.7859,-0.90241,0.90241
2,-3.7102,0.73772,-0.73772
2,-3.7159,-0.72662,0.72662
2,-4.0029,-0.35777,0.35777
2,-4.3648,0.2497,-0.2497
2,-3.9632,0.69071,-0.69071
2,-4.1025,-0.39841,0.39841
2,-1.1877,0.53753,-0.53753
2,-2.7105,1.1548,-1.1548
2,-0.8323,-0.029231,0.029231
2,-1.1841,-0.42753,0.42753
2,-2.5279,1.0791,-1.0791
2,-1.6631,0.93389,-0.93389
2,-1.6056,-0.9972,0.9972
2,-1.7555,-1.2188,1.2188
2,-0.70492,-0.16158,0.16158
2,-3.5103,1.0287,-1.0287
2,-1.2171,-0.50594,0.50594
2,-3.7556,0.80157,-0.80157
2,-2.7849,-1.2406,1.2406
2,-1.7706,0.94717,-0.94717
2,-2.5502,1.0496,-1.0496
2,-3.9434,-0.67487,0.67487
2,-1.4934,-0.83832,0.83832
2,-3.3084,-1.0348,1.0348
2,-3.8912,-0.90936,0.90936
2,-1.4079,-0.72361,0.72361
2,-1.373,0.62634,-0.62634
2,-1.6319,0.8959,-0.8959
2,-4.0772,0.85024,-0.85024
2,-0.70159,0.03547,-0.03547
2,-3.8822,-0.69996,0.69996
2,-1.9293,-1.3085,1.3085
2,-1.3758,-1.0744,1.0744
2,-2.3969,1.1079,-1.1079
2,-2.1506,-1.2108,1.2108
2,-1.9037,0.99176,-0.99176
2,-3.4567,-1.0765,1.0765
2,-2.6833,-1.1182,1.1182
2,-0.8177,0.20543,-0.20543
2,-2.3026,1.043,-1.043
2,-2.2369,-1.1697,1.1697
2,-3.7293,0.9106,-0.9106
2,-1.0682,-0.80139,0.80139
2,-2.6824,1.0577,-1.0577
2,-1.6813,1.1354,-1.1354
2,-4.1728,0.25162,-0.25162
2,-3.388,-0.92181,0.92181
2,-4.2541,0.66302,-0.66302
2,-2.7575,-1.1284,1.1284
2,-0.72576,0.055816,-0.055816
2,-2.6952,1.3096,-1.3096
2,-1.1184,-0.14689,0.14689
2,-2.4137,1.0694,-1.0694
2,-1.325,0.92714,-0.92714
2,-4.0588,-0.54088,0.54088
2,-2.5594,-1.2839,1.2839
2,-4.412,-0.39375,0.39375
2,-1.0721,-0.40536,0.40536
2,-1.2806,-0.56327,0.56327
2,-1.942,0.96691,-0.96691
2,-1.9792,-0.96784,0.96784
2,-3.1946,1.0233,-1.0233
2,-3.0919,-1.322,1.322
2,-3.2974,0.99084,-0.99084
2,-1.4897,0.83556,-0.83556
2,-1.1959,-0.60057,0.60057
2,-1.5167,0.81906,-0.81906
2,-4.0971,-0.55209,0.55209
2,-2.6862,1.3166,-1.3166
2,-3.6416,0.85193,-0.85193
2,-0.83513,-0.42197,0.42197
2,-2.1325,1.3303,-1.3303
2,-1.244,0.43614,-0.43614
2,-3.4748,-0.95999,0.95999
2,-3.9081,0.52496,-0.52496
2,-3.0244,1.2018,-1.2018
2,-2.1438,1.0666,-1.0666
2,-1.2706,0.60582,-0.60582
2,-1.1763,-0.36192,0.36192
2,-1.2453,-0.77306,0.77306
2,-1.6347,1.0749,-1.0749
2,-1.2385,0.73036,-0.73036
2,-3.0609,-1.213,1.213
2,-1.5192,-0.7258,0.7258
2,-3.5149,1.0327,-1.0327
2,-2.7383,1.07,-1.07
2,-1.2433,0.69418,-0.69418
2,-3.3759,-0.91318,0.91318
2,-4.1528,0.55763,-0.55763
2,-3.9582,0.71102,-0.71102
2,-3.4848,-0.85677,0.85677
2,-3.7897,-0.65293,0.65293
2,-1.4457,-0.82297,0.82297
2,-1.1907,0.60358,-0.60358
2,-4.1257,0.012366,-0.012366
2,-1.2843,-0.87654,0.87654
2,-4.3104,0.2902,-0.2902
2,-3.7797,0.72252,-0.72252
2,-1.2718,0.96303,-0.96303
2,-1.6917,0.96887,-0.96887
2,-1.3124,0.52552,-0.52552
2,-4.2247,-0.20338,0.20338
2,-4.0353,0.90027,-0.90027
2,-3.3512,-1.0879,1.0879
2,-3.9911,-0.38788,0.38788
2,-1.8828,-0.94033,0.94033
2,-1.5464,0.75376,-0.75376
2,-0.81767,-0.23533,0.23533
2,-1.469,0.72146,-0.72146
2,-4.3487,0.38693,-0.38693
2,-1.4671,0.71787,-0.71787
2,-1.4811,0.84968,-0.84968
2,-3.9025,0.6842,-0.6842
2,-2.397,1.2245,-1.2245
2,-1.0042,-0.35018,0.35018
2,-1.4586,-0.80952,0.80952
2,-1.0321,0.15871,-0.15871
2,-3.0853,-1.026,1.026
2,-1.6658,-1.0739,1.0739
2,-1.0713,0.43788,-0.43788
2,-3.9022,-0.61362,0.61362
2,-1.7715,0.90373,-0.90373
2,-1.7005,-0.8585,0.8585
2,-3.8336,0.60181,-0.60181
2,-1.2397,-0.60625,0.60625
2,-1.5028,-0.83009,0.83009
2,-3.7139,-0.82342,0.82342
2,-3.4102,1.0205,-1.0205
2,-3.6228,-1.0759,1.0759
2,-1.4915,0.83649,-0.83649
2,-1.0575,0.13577,-0.13577
2,-1.1037,-0.87539,0.87539
2,-3.0402,-1.1208,1.1208
2,-4.1034,-0.12166,0.12166
2,-3.6365,1.0381,-1.0381
2,-4.3241,-0.37282,0.37282
2,-1.3533,-0.89365,0.89365
2,-3.1408,-1.3273,1.3273
2,-2.4053,1.1669,-1.1669
2,-3.852,-0.70604,0.70604
2,-2.4794,-1.0734,1.0734
2,-3.573,0.80334,-0.80334
2,-0.90956,0.047943,-0.047943
2,-3.807,0.97367,-0.97367
2,-1.5812,0.98202,-0.98202
2,-4.1685,-0.42784,0.42784
2,-1.1836,-0.3887,0.3887
2,-2.2068,-1.0148,1.0148
2,-4.4944,-0.24314,0.24314
2,-2.6282,-1.0738,1.0738
2,-1.5296,-0.80853,0.80853
2,-3.4388,-1.104,1.104
2,-3.9711,-0.43152,0.43152
2,-3.9075,0.51848,-0.51848
2,-4.1541,-0.19201,0.19201
2,-2.3069,-1.0988,1.0988
2,-1.8779,1.1866,-1.1866
2,-2.7805,1.101,-1.101
2,-4.0786,-0.25475,0.25475
2,-2.4,-1.1941,1.1941
2,-1.1977,0.4668,-0.4668
2,-1.2355,-0.90124,0.90124
2,-2.1346,1.2257,-1.2257
2,-3.2238,1.0005,-1.0005
2,-1.882,-1.2228,1.2228
2,-3.9472,0.45644,-0.45644
2,-3.4662,-0.99225,0.99225
2,-1.6117,-0.8257,0.8257
2,-3.6995,-0.99357,0.99357
2,-2.6474,-1.2659,1.2659
2,-1.4764,0.6973,-0.6973
2,-2.4971,1.0803,-1.0803
2,-1.3025,-0.90205,0.90205
2,-1.0743,-0.56607,0.56607
2,-3.3489,1.1281,-1.1281
2,-1.3379,0.93246,-0.93246
2,-1.575,0.95056,-0.95056
2,-4.3587,0.16469,-0.16469
2,-3.373,-1.0637,1.0637
2,-1.5966,-0.93852,0.93852
2,-2.9389,-1.105,1.105
2,-0.63055,-0.11057,0.11057
2,-1.783,-0.9657,0.9657
2,-3.6439,0.99359,-0.99359
2,-3.44,0.92626,-0.92626
2,-1.5399,-0.99898,0.99898
2,-3.0535,-1.0622,1.0622
2,-3.8215,-0.73078,0.73078
2,-3.9601,0.87189,-0.87189
2,-2.5077,1.0567,-1.0567
2,-1.7241,-0.98883,0.98883
2,-4.0477,0.76202,-0.76202
2,-1.6419,0.81994,-0.81994
2,-1.8631,0.93827,-0.93827
2,-3.6981,0.7361,-0.7361
2,-4.2629,0.061951,-0.061951
2,-4.3902,-0.21385,0.21385
2,-2.6518,1.2838,-1.2838
2,-2.6638,1.2346,-1.2346
2,-3.7375,-0.72567,0.72567
2,-3.3322,0.93501,-0.93501
2,-3.3847,1.0683,-1.0683
2,-3.4889,1.1054,-1.1054
2,-3.8505,0.58013,-0.58013
2,-1.7678,-1.0153,1.0153
2,-1.997,-1.0994,1.0994
2,-3.1587,1.0083,-1.0083
2,-2.0581,-1.1711,1.1711
2,-3.508,-1.1566,1.1566
2,-3.2371,1.2423,-1.2423
2,-1.2512,0.61946,-0.61946
2,-3.8121,-0.99867,0.99867
2,-2.6256,-1.0713,1.0713
2,-3.9332,0.68668,-0.68668
2,-3.5885,-0.94433,0.94433
2,-0.88312,0.069754,-0.069754
2,-1.1121,-0.35095,0.35095
2,-3.7632,-0.69845,0.69845
2,-2.3527,1.2041,-1.2041
2,-1.1186,-0.17648,0.17648
2,-2.1402,-1.1395,1.1395
2,-2.1369,-1.0071,1.0071
2,-3.8957,-0.57953,0.57953
2,-4.2881,0.051752,-0.051752
2,-1.128,0.47578,-0.47578
2,-3.9105,-0.91794,0.91794
2,-2.2562,1.0666,-1.0666
2,-0.829,0.0087791,-0.0087791
2,-1.7667,0.90497,-0.90497
2,-1.5221,0.85348,-0.85348
2,-3.9954,0.73282,-0.73282
2,-2.8007,-1.2921,1.2921
2,-0.92475,-0.35319,0.35319
2,-0.90915,-0.27931,0.27931
2,-4.0362,0.30518,-0.30518
2,-1.2735,-0.53284,0.53284
2,-2.8758,1.0495,-1.0495
2,-2.7932,1.2195,-1.2195
2,-3.5492,-0.8458,0.8458
2,-0.88585,0.075557,-0.075557
2,-3.8084,-0.66855,0.66855
2,-3.838,0.74176,-0.74176
2,-0.94313,-0.19571,0.19571
2,-1.6687,0.97529,-0.97529
2,-2.4113,1.1089,-1.1089
2,-3.9723,-0.65922,0.65922
2,-2.2779,1.2108,-1.2108
2,-4.0438,-0.33347,0.33347
2,-1.6624,-0.84965,0.84965
2,-3.9911,0.67554,-0.67554
2,-1.5517,0.79435,-0.79435
2,-3.4363,-0.95265,0.95265
2,-1.2389,0.55236,-0.55236
2,-3.7239,-0.73992,0.73992
2,-3.9065,-0.52958,0.52958
2,-4.1695,-0.087344,0.087344
2,-1.9261,1.1984,-1.1984
2,-4.2603,0.22786,-0.22786
2,-4.2317,-0.41184,0.41184
2,-1.2754,0.85251,-0.85251
2,-3.3824,-1.0093,1.0093
2,-3.7799,0.65019,-0.65019
2,-3.7971,0.71603,-0.71603
2,-4.0054,0.57968,-0.57968
2,-2.9518,1.0757,-1.0757
2,-3.0401,1.1361,-1.1361
2,-2.9766,-1.0216,1.0216
2,-3.5115,-0.93191,0.93191
2,-4.0848,-0.14052,0.14052
2,-1.8101,-0.9537,0.9537
2,-3.484,-0.99153,0.99153
2,-3.9977,0.70576,-0.70576
2,-1.0959,0.097638,-0.097638
2,-3.6897,-0.75987,0.75987
2,-1.1712,-0.65856,0.65856
2,-2.7052,1.0592,-1.0592
2,-1.4478,0.79433,-0.79433
2,-1.9589,-0.95376,0.95376
2,-1.4071,0.78955,-0.78955
2,-1.2229,-0.68047,0.68047
2,-3.7168,-0.97295,0.97295
2,-2.937,-1.0826,1.0826
2,-0.82003,0.051333,-0.051333
2,-1.4977,-0.91626,0.91626
2,-3.9385,-0.9643,0.9643
2,-0.9565,-0.11151,0.11151
2,-1.6873,0.84973,-0.84973
2,-3.4518,1.0719,-1.0719
2,-1.7154,-0.91522,0.91522
2,-1.1155,-0.072319,0.072319
2,-1.8943,0.93301,-0.93301
2,-3.437,-0.97128,0.97128
2,-2.1306,1.0403,-1.0403
2,-3.8141,0.86428,-0.86428
2,-1.0309,-0.59865,0.59865
2,-1.3213,-0.64251,0.64251
2,-1.422,-0.74617,0.74617
2,-1.8546,1.1033,-1.1033
2,-2.2019,-1.098,1.098
2,-1.5126,0.81365,-0.81365
2,-1.496,0.86781,-0.86781
2,-3.7902,0.74511,-0.74511
2,-0.97315,-0.0033617,0.0033617
2,-2.6686,1.2351,-1.2351
2,-1.1773,-0.39633,0.39633
2,-2.7863,-1.3332,1.3332
2,-1.1408,-0.2333,0.2333
2,-3.8509,0.74839,-0.74839
2,-1.8075,-1.0473,1.0473
2,-3.8812,0.62397,-0.62397
2,-4.1632,-0.32476,0.32476
2,-2.1014,-1.1522,1.1522
2,-1.4658,0.80163,-0.80163
2,-3.8638,-0.74537,0.74537
2,-4.2256,0.42318,-0.42318
2,-2.9338,-1.159,1.159
2,-1.8209,-1.0694,1.0694
2,-4.1088,0.41986,-0.41986
2,-0.97849,0.37653,-0.37653
2,-2.55,1.1578,-1.1578
2,-4.4437,-0.25731,0.25731
2,-1.3062,-0.84994,0.84994
2,-2.7925,1.3286,-1.3286
2,-2.0114,-1.0154,1.0154
2,-2.8652,1.1904,-1.1904
2,-3.7326,-0.68329,0.68329
2,-4.211,-0.53948,0.53948
2,-1.014,0.033409,-0.033409
2,-3.4646,-1.0133,1.0133
2,-2.1678,-1.0408,1.0408
2,-1.6977,-0.94099,0.94099
2,-3.257,1.1792,-1.1792
2,-4.0895,0.47906,-0.47906
2,-0.87859,-0.50321,0.50321
2,-4.1626,-0.078837,0.078837
2,-1.5136,0.94539,-0.94539
2,-4.0167,0.62349,-0.62349
2,-3.5167,1.1127,-1.1127
2,-3.5864,-0.82426,0.82426
2,-3.3152,-1.0667,1.0667
2,-2.4346,1.0493,-1.0493
2,-1.4639,-1.0548,1.0548
2,-2.8904,-1.3333,1.3333
2,-1.7104,-1.0172,1.0172
2,-4.0195,0.66445,-0.66445
2,-3.7845,-0.89023,0.89023
2,-0.96099,-0.1216,0.1216
2,-4.0795,0.24307,-0.24307
2,-4.1302,0.040258,-0.040258
2,-4.2572,0.71796,-0.71796
2,-1.1558,-0.57592,0.57592
2,-1.3005,-0.63284,0.63284
2,-1.2234,-0.5267,0.5267
2,-3.592,-0.96676,0.96676
2,-4.3265,-0.25315,0.25315
2,-3.9363,0.47486,-0.47486
2,-4.0815,-0.10928,0.10928
2,-3.2896,-1.1401,1.1401
2,-3.5303,0.92315,-0.92315
2,-1.1786,0.88464,-0.88464
2,-1.3157,0.69818,-0.69818
2,-4.0281,0.40033,-0.40033
2,-3.741,0.91329,-0.91329
2,-1.5379,-0.74773,0.74773
2,-2.1523,-1.2995,1.2995
2,-1.0849,-0.2107,0.2107
2,-1.9357,-0.98598,0.98598
2,-1.3833,0.86718,-0.86718
2,-1.6863,0.92466,-0.92466
2,-1.4964,0.73636,-0.73636
2,-3.6877,1.1103,-1.1103
2,-1.0022,-0.15675,0.15675
2,-2.4677,-1.0756,1.0756
2,-4.3553,-0.16762,0.16762
2,-3.2534,1.0145,-1.0145
2,-1.729,1.1125,-1.1125
2,-4.0503,0.501,-0.501
2,-3.5285,-0.88034,0.88034
2,-1.6094,1.1747,-1.1747
2,-0.9743,-0.67643,0.67643
2,-0.87365,0.17075,-0.17075
2,-4.2327,0.51182,-0.51182
2,-2.6819,1.379,-1.379
2,-1.4114,0.69041,-0.69041
2,-1.2635,0.84061,-0.84061
2,-1.4913,0.76001,-0.76001
2,-1.7372,-0.98167,0.98167
2,-1.0306,0.42845,-0.42845
2,-4.0036,0.95555,-0.95555
2,-3.965,0.77752,-0.77752
2,-1.3284,-1.0288,1.0288
2,-1.1043,0.17678,-0.17678
2,-3.9728,-0.86191,0.86191
1,4.0486,-0.64769,-0.64769
1,2.2417,-1.0795,-1.0795
1,1.6339,-0.83708,-0.83708
1,0.87336,0.36328,0.36328
1,2.6278,-1.0871,-1.0871
1,1.2068,-0.54499,-0.54499
1,4.2442,-0.29485,-0.29485
1,1.367,0.6657,0.6657
1,2.8077,-1.1269,-1.1269
1,3.2399,-1.0665,-1.0665
1,2.1531,-1.0718,-1.0718
1,2.787,-1.1279,-1.1279
1,1.092,-0.087869,-0.087869
1,4.0286,-0.31233,-0.31233
1,2.4319,-1.1352,-1.1352
1,4.0223,-0.76949,-0.76949
1,2.046,-1.0602,-1.0602
1,2.3054,-1.1911,-1.1911
1,3.8972,-0.7351,-0.7351
1,0.94891,0.21641,0.21641
1,2.0441,0.98514,0.98514
1,3.1582,-1.0797,-1.0797
1,2.301,1.0487,1.0487
1,4.1163,-0.095362,-0.095362
1,3.5794,0.94131,0.94131
1,3.3733,-1.2573,-1.2573
1,1.1026,-0.44414,-0.44414
1,0.98426,-0.26545,-0.26545
1,3.8967,-0.6499,-0.6499
1,3.9837,-0.45605,-0.45605
1,1.7203,0.90655,0.90655
1,2.4849,1.125,1.125
1,1.2887,-0.51955,-0.51955
1,3.6443,-0.88274,-0.88274
1,0.81992,0.087298,0.087298
1,4.0755,0.28159,0.28159
1,2.1698,-1.2535,-1.2535
1,2.6551,-1.0706,-1.0706
1,1.5155,-0.91534,-0.91534
1,1.7628,-1.0807,-1.0807
1,1.4243,0.8905,0.8905
1,4.0122,0.62087,0.62087
1,1.0411,-0.28401,-0.28401
1,1.9875,-0.9612,-0.9612
1,1.343,0.61356,0.61356
1,3.4333,-0.95388,-0.95388
1,2.2889,1.0417,1.0417
1,2.997,1.1245,1.1245
1,2.6597,1.093,1.093
1,2.792,-1.1632,-1.1632
1,1.634,-0.96953,-0.96953
1,1.5303,0.80916,0.80916
1,2.4406,1.3257,1.3257
1,3.843,-0.78321,-0.78321
1,0.80203,0.037482,0.037482
1,4.1451,-0.31045,-0.31045
1,0.85744,-0.071508,-0.071508
1,1.1381,-0.19809,-0.19809
1,1.1004,-0.5972,-0.5972
1,1.5996,0.94977,0.94977
1,2.0107,-0.96783,-0.96783
1,3.8253,0.71177,0.71177
1,1.5287,-0.84591,-0.84591
1,4.4141,0.065612,0.065612
1,1.0519,0.5725,0.5725
1,3.6866,0.84312,0.84312
1,2.2614,-1.1551,-1.1551
1,1.3679,-0.94052,-0.94052
1,4.1164,0.61566,0.61566
1,4.2828,-0.23737,-0.23737
1,1.4068,0.68321,0.68321
1,1.18,0.40242,0.40242
1,1.3856,0.60496,0.60496
1,1.0733,0.53834,0.53834
1,1.3535,-0.68266,-0.68266
1,3.8376,-0.79587,-0.79587
1,1.0805,-0.23686,-0.23686
1,4.0615,0.20915,0.20915
1,3.5484,0.92727,0.92727
1,2.3974,1.0721,1.0721
1,1.8066,-1.0122,-1.0122
1,2.7956,-1.295,-1.295
1,1.6071,1.0377,1.0377
1,1.4137,-0.65043,-0.65043
1,1.3916,0.6365,0.6365
1,1.8494,1.0208,1.0208
1,2.3537,-1.1143,-1.1143
1,1.0568,0.33606,0.33606
1,4.0767,0.83116,0.83116
1,1.7945,0.89958,0.89958
1,3.9996,-0.41514,-0.41514
1,1.335,-0.65959,-0.65959
1,2.2116,-1.2612,-1.2612
1,2.8052,-1.0524,-1.0524
1,3.8093,-0.68284,-0.68284
1,1.166,0.2869,0.2869
1,2.9659,1.1327,1.1327
1,2.2791,1.0608,1.0608
1,3.8376,-0.84425,-0.84425
1,2.3618,1.1381,1.1381
1,3.4994,-0.90498,-0.90498
1,2.5795,1.1001,1.1001
1,1.8734,-1.154,-1.154
1,4.2049,-0.14834,-0.14834
1,3.8972,0.69514,0.69514
1,2.234,1.1857,1.1857
1,3.5113,0.84949,0.84949
1,3.1247,0.99125,0.99125
1,1.1601,0.69133,0.69133
1,1.1618,-0.89426,-0.89426
1,3.431,-0.89924,-0.89924
1,1.7036,-0.88139,-0.88139
1,3.8271,-0.59528,-0.59528
1,4.3833,-0.033919,-0.033919
1,1.446,0.80598,0.80598
1,3.2173,1.0194,1.0194
1,2.5883,1.2232,1.2232
1,3.7367,-0.71524,-0.71524
1,3.3014,1.3008,1.3008
1,1.7415,-1.0073,-1.0073
1,0.93041,-0.34829,-0.34829
1,2.8536,-1.2802,-1.2802
1,3.8694,0.83934,0.83934
1,0.89542,0.067219,0.067219
1,3.7269,0.87275,0.87275
1,2.7268,1.3137,1.3137
1,2.12,1.2297,1.2297
1,3.662,0.76241,0.76241
1,1.6409,-1.2033,-1.2033
1,1.2419,-0.42565,-0.42565
1,1.1029,0.17676,0.17676
1,4.2521,0.45243,0.45243
1,3.6941,-0.88247,-0.88247
1,1.0785,0.77059,0.77059
1,1.6769,0.83465,0.83465
1,1.1548,0.24992,0.24992
1,3.5034,1.004,1.004
1,2.5573,1.2473,1.2473
1,1.143,-0.27383,-0.27383
1,1.6289,0.7954,0.7954
1,2.3509,-1.1787,-1.1787
1,3.8643,0.77288,0.77288
1,3.8818,0.82936,0.82936
1,1.4443,-0.99922,-0.99922
1,2.1492,-1.0613,-1.0613
1,3.9849,0.52074,0.52074
1,3.0737,1.1688,1.1688
1,1.3865,-1.0713,-1.0713
1,2.294,-1.2866,-1.2866
1,4.0169,0.59589,0.59589
1,1.1044,0.69903,0.69903
1,3.6138,0.768,0.768
1,3.8067,-0.75027,-0.75027
1,4.3395,-0.17425,-0.17425
1,3.5817,0.80551,0.80551
1,0.9068,0.54425,0.54425
1,4.1103,-0.49348,-0.49348
1,0.89637,-0.58199,-0.58199
1,3.5421,1.0655,1.0655
1,1.1966,0.51805,0.51805
1,0.77153,0.48895,0.48895
1,3.4409,-0.88007,-0.88007
1,1.6856,1.1172,1.1172
1,3.8348,-0.66562,-0.66562
1,3.6168,0.90905,0.90905
1,1.0542,0.0063135,0.0063135
1,3.6476,0.7661,0.7661
1,3.8458,-0.74863,-0.74863
1,2.9019,-1.2076,-1.2076
1,2.8963,1.2407,1.2407
1,2.8507,-1.2247,-1.2247
1,3.8207,0.92491,0.92491
1,4.0198,-0.94811,-0.94811
1,3.5588,1.1236,1.1236
1,4.2432,0.15269,0.15269
1,1.4966,1.0537,1.0537
1,3.3665,0.98407,0.98407
1,2.64,1.2068,1.2068
1,3.2285,1.0728,1.0728
1,4.1794,-0.24889,-0.24889
1,1.6802,-0.97662,-0.97662
1,2.5496,-1.0893,-1.0893
1,1.4424,0.73918,0.73918
1,1.386,-0.80744,-0.80744
1,1.1365,0.23719,0.23719
1,1.9383,-1.1471,-1.1471
1,3.7607,-0.93167,-0.93167
1,1.2262,0.41167,0.41167
1,1.2698,-0.5144,-0.5144
1,1.3095,-0.88797,-0.88797
1,1.0372,-0.23638,-0.23638
1,3.3299,1.0858,1.0858
1,2.4624,1.1677,1.1677
1,4.1235,0.38204,0.38204
1,1.264,-0.56038,-0.56038
1,1.665,0.89605,0.89605
1,4.0415,0.56348,0.56348
1,2.7024,1.1953,1.1953
1,3.9917,0.62761,0.62761
1,1.058,0.72401,0.72401
1,1.6189,-0.98533,-0.98533
1,0.9725,-0.087614,-0.087614
1,1.3714,1.0735,1.0735
1,3.943,0.78649,0.78649
1,2.5901,1.2122,1.2122
1,4.1222,0.25008,0.25008
1,1.3252,0.68964,0.68964
1,3.3103,0.9438,0.9438
1,2.3295,-1.0608,-1.0608
1,1.4994,-0.9514,-0.9514
1,1.9256,1.1998,1.1998
1,1.2466,0.69457,0.69457
1,3.314,0.97099,0.97099
1,1.825,-0.95639,-0.95639
1,1.2657,0.53056,0.53056
1,1.073,-0.12899,-0.12899
1,4.0416,-0.42078,-0.42078
1,0.86232,-0.13634,-0.13634
1,2.942,-1.0877,-1.0877
1,3.3737,-0.91349,-0.91349
1,3.0432,-1.1511,-1.1511
1,1.5319,-0.76403,-0.76403
1,2.1108,1.1649,1.1649
1,1.045,0.39705,0.39705
1,2.4763,-1.2291,-1.2291
1,4.0788,0.44188,0.44188
1,2.6983,1.2401,1.2401
1,3.5978,-0.84368,-0.84368
1,3.4388,0.95269,0.95269
1,1.7728,0.97717,0.97717
1,3.5986,0.82569,0.82569
1,0.91449,-0.17905,-0.17905
1,3.8094,-0.68969,-0.68969
1,1.5634,0.79296,0.79296
1,1.4753,-0.878,-0.878
1,4.123,0.05231,0.05231
1,1.5867,-0.88579,-0.88579
1,2.6071,1.1114,1.1114
1,4.035,-0.63757,-0.63757
1,3.9649,0.44525,0.44525
1,1.795,-1.1507,-1.1507
1,3.7575,-0.86651,-0.86651
1,2.1626,1.1091,1.1091
1,1.457,0.79163,0.79163
1,1.9057,-1.1831,-1.1831
1,3.6231,0.88012,0.88012
1,1.5427,-0.81319,-0.81319
1,3.0722,0.99843,0.99843
1,0.69638,0.0083586,0.0083586
1,2.5342,1.1406,1.1406
1,3.5165,0.8357,0.8357
1,1.1307,0.65492,0.65492
1,3.7573,0.75334,0.75334
1,1.3428,-0.61849,-0.61849
1,1.181,0.66883,0.66883
1,1.42,-0.69464,-0.69464
1,2.8185,-1.2596,-1.2596
1,1.0016,0.31256,0.31256
1,2.0724,1.1181,1.1181
1,0.87833,0.03693,0.03693
1,2.644,-1.213,-1.213
1,3.4197,-1.0561,-1.0561
1,1.9539,1.1465,1.1465
1,1.5963,-0.85902,-0.85902
1,4.1369,0.69172,0.69172
1,1.1019,0.034969,0.034969
1,1.9758,-1.0002,-1.0002
1,3.6272,-1.0096,-1.0096
1,4.2711,0.35813,0.35813
1,1.4586,-0.9051,-0.9051
1,0.68397,-0.21851,-0.21851
1,3.2379,-1.0191,-1.0191
1,1.0461,-0.071883,-0.071883
1,1.1706,0.44909,0.44909
1,3.3439,0.95231,0.95231
1,3.9701,0.74214,0.74214
1,1.3534,-0.62839,-0.62839
1,2.7964,-1.2658,-1.2658
1,4.022,-0.77685,-0.77685
1,2.1662,1.1681,1.1681
1,1.6942,-1.0408,-1.0408
1,1.0359,-0.3847,-0.3847
1,3.5996,0.80024,0.80024
1,3.861,-0.84122,-0.84122
1,3.6851,0.93402,0.93402
1,3.3275,-1.2782,-1.2782
1,3.7291,0.8023,0.8023
1,3.8582,0.61344,0.61344
1,2.5031,1.2586,1.2586
1,2.0836,-0.99394,-0.99394
1,2.8112,1.2214,1.2214
1,4.3274,-0.073727,-0.073727
1,1.6684,-0.96627,-0.96627
1,4.2156,-0.56553,-0.56553
1,3.2229,0.98441,0.98441
1,1.2362,-0.46682,-0.46682
1,1.261,0.58918,0.58918
1,1.8257,0.92085,0.92085
1,1.8028,-1.0415,-1.0415
1,3.1976,-1.0227,-1.0227
1,1.4871,0.87671,0.87671
1,1.7645,-1.1251,-1.1251
1,1.3697,-0.64003,-0.64003
1,3.2127,-1.3085,-1.3085
1,3.596,1.0975,1.0975
1,2.143,1.014,1.014
1,0.873,-0.45459,-0.45459
1,1.3312,0.76176,0.76176
1,2.1617,-1.0437,-1.0437
1,4.2311,-0.74104,-0.74104
1,1.7159,-0.99371,-0.99371
1,1.7678,0.93084,0.93084
1,1.9289,0.94779,0.94779
1,3.9434,0.79814,0.79814
1,4.0345,-0.73857,-0.73857
1,3.7654,-0.68434,-0.68434
1,4.018,0.60512,0.60512
1,3.6954,-0.76731,-0.76731
1,4.4,0.21817,0.21817
1,3.4682,-0.86288,-0.86288
1,2.7038,-1.1374,-1.1374
1,2.22,-1.1949,-1.1949
1,3.9389,-0.83254,-0.83254
1,3.0122,-1.3173,-1.3173
1,4.2012,-0.23844,-0.23844
1,1.2345,0.51091,0.51091
1,1.4645,-0.70721,-0.70721
1,1.5662,-0.94738,-0.94738
1,4.0825,-0.32284,-0.32284
1,1.0808,0.10778,0.10778
1,1.4367,-1.0177,-1.0177
1,3.7585,0.94917,0.94917
1,1.7309,-0.95446,-0.95446
1,2.3936,1.2462,1.2462
1,4.1783,-0.48461,-0.48461
1,1.1364,0.45349,0.45349
1,4.2405,0.13696,0.13696
1,2.0189,-1.125,-1.125
1,1.1374,0.37011,0.37011
1,1.1951,0.74764,0.74764
1,1.3387,-0.63949,-0.63949
1,2.4305,1.2035,1.2035
1,1.603,-0.84333,-0.84333
1,1.662,-0.81677,-0.81677
1,3.9594,-0.49049,-0.49049
1,3.1406,1.2224,1.2224
1,2.594,1.0903,1.0903
1,3.542,-0.91795,-0.91795
1,2.6426,1.2509,1.2509
1,3.6986,-0.94121,-0.94121
1,4.0405,0.36844,0.36844
1,4.0497,-0.4087,-0.4087
1,4.1698,-0.37468,-0.37468
1,4.1149,0.47692,0.47692
1,3.1078,1.0797,1.0797
1,3.0806,-1.216,-1.216
1,2.8785,-1.2324,-1.2324
1,2.3552,-1.1705,-1.1705
1,3.1951,1.1122,1.1122
1,2.1805,-1.0091,-1.0091
1,0.9314,-0.017083,-0.017083
1,1.362,-0.90779,-0.90779
1,2.0441,-1.0074,-1.0074
1,2.3591,1.3715,1.3715
1,3.9514,-0.47166,-0.47166
1,1.0528,-0.16022,-0.16022
1,4.3638,0.026604,0.026604
1,3.2127,-1.2216,-1.2216
1,1.9018,-1.0702,-1.0702
1,1.2365,-0.93609,-0.93609
1,4.3157,0.32094,0.32094
1,3.7739,0.66141,0.66141
1,1.0404,-0.12781,-0.12781
1,1.0838,0.69237,0.69237
1,3.5746,1.0071,1.0071
1,1.7682,1.0471,1.0471
1,4.2067,-0.12635,-0.12635
1,2.8284,-1.0618,-1.0618
1,4.0844,0.18999,0.18999
1,4.4731,-0.29374,-0.29374
1,3.0989,-1.1004,-1.1004
1,4.1745,-0.0061436,-0.0061436
1,4.1403,0.17235,0.17235
1,2.035,1.3096,1.3096
1,0.94683,0.21715,0.21715
1,1.2303,0.66034,0.66034
1,1.8192,-1.1349,-1.1349
1,1.1774,0.4326,0.4326
1,1.1087,0.57664,0.57664
1,2.0442,1.1615,1.1615
1,4.1937,0.44358,0.44358
1,3.3701,-1.0247,-1.0247
1,3.7025,-0.84579,-0.84579
1,1.3956,0.72634,0.72634
1,3.7731,0.9606,0.9606
1,1.1057,0.059134,0.059134
1,4.0945,0.56476,0.56476
1,3.8094,-0.73567,-0.73567
1,1.9486,-1.1942,-1.1942
1,1.8537,-0.917,-0.917
1,3.9738,-0.49803,-0.49803
1,3.6286,0.87936,0.87936
1,1.4455,0.66612,0.66612
1,4.0598,-0.79125,-0.79125
1,3.9077,-0.92458,-0.92458
1,1.7955,1.1142,1.1142
1,3.2076,-1.0402,-1.0402
1,3.7973,-0.71442,-0.71442
1,1.9355,-0.99303,-0.99303
1,4.1016,-0.70475,-0.70475
1,3.1006,-1.0598,-1.0598
1,0.77125,-0.4524,-0.4524
1,3.9992,0.41284,0.41284
1,1.5414,-0.75931,-0.75931
1,1.4595,0.79823,0.79823
1,2.1787,-1.0907,-1.0907
1,3.6378,0.75767,0.75767
1,3.9993,-0.59067,-0.59067
1,2.6679,1.3928,1.3928
1,4.0197,-0.55077,-0.55077
1,4.1133,0.37488,0.37488
1,2.6914,1.2609,1.2609
1,3.8089,0.69761,0.69761
1,3.8673,0.76336,0.76336
1,1.5891,-0.85917,-0.85917
1,1.2679,-0.63882,-0.63882
1,0.87509,0.30421,0.30421
1,0.99437,-0.065464,-0.065464
1,2.7224,1.083,1.083
1,1.3096,0.93536,0.93536
1,4.4219,0.15601,0.15601
1,3.7014,0.88388,0.88388
1,1.3988,-0.66413,-0.66413
1,2.0199,1.0565,1.0565
1,1.2032,-0.65485,-0.65485
1,3.4307,1.0207,1.0207
1,1.0032,-0.59365,-0.59365
1,3.495,0.84276,0.84276
1,1.5422,-0.93061,-0.93061
1,4.303,0.21232,0.21232
1,3.5871,0.90176,0.90176
1,1.3477,-0.80295,-0.80295
1,3.8092,-0.78903,-0.78903
1,1.1194,-0.30635,-0.30635
1,1.2966,-0.7617,-0.7617
1,3.6198,-1.0887,-1.0887
1,2.0994,1.0577,1.0577
1,3.1071,-1.0529,-1.0529
1,1.2744,0.50133,0.50133
1,1.9181,1.1192,1.1192
1,3.0022,1.0215,1.0215
1,1.551,0.9539,0.9539
1,3.476,-1.185,-1.185
1,1.0509,-0.16699,-0.16699
1,2.7356,1.0848,1.0848
1,1.875,0.99784,0.99784
1,3.6914,-0.86645,-0.86645
1,1.8075,1.029,1.029
1,4.0848,-0.11593,-0.11593
1,1.3328,-0.83104,-0.83104
1,3.9802,0.59034,0.59034
1,1.0418,0.071496,0.071496
1,4.0789,0.29555,0.29555
1,0.93231,-0.17961,-0.17961
1,1.1236,-0.13782,-0.13782
1,3.6525,0.9648,0.9648
1,2.6574,-1.2191,-1.2191
1,1.1035,-0.46502,-0.46502
1,4.326,0.20089,0.20089
1,1.2689,-1.0142,-1.0142
1,1.8145,-1.1035,-1.1035
1,4.224,0.45238,0.45238
1,2.6196,-1.0606,-1.0606
1,0.9799,0.67739,0.67739
1,1.1244,0.13006,0.13006
1,2.8171,1.1724,1.1724
1,1.2527,-0.56764,-0.56764
1,0.83741,0.57914,0.57914
1,3.5475,-0.89513,-0.89513
1,3.8754,0.82612,0.82612
1,2.3946,-1.099,-1.099
1,2.1284,1.1708,1.1708
1,1.4874,0.8804,0.8804
1,1.3497,0.7869,0.7869
1,1.6482,1.0368,1.0368
1,1.8221,0.90971,0.90971
1,2.7735,1.2264,1.2264
1,3.9654,-0.53701,-0.53701
1,0.94273,0.6919,0.6919
1,3.9989,-0.79204,-0.79204
1,4.3381,-0.055912,-0.055912
1,1.4977,-0.73008,-0.73008
1,1.6728,0.9318,0.9318
1,0.83222,0.55771,0.55771
1,1.5128,-0.74693,-0.74693
1,1.3737,1.0755,1.0755
1,1.9781,1.0955,1.0955
1,2.5707,1.0931,1.0931
1,3.8119,0.68004,0.68004
1,3.5174,-0.9512,-0.9512
1,3.9584,-0.47095,-0.47095
1,3.8746,0.69949,0.69949
1,1.1658,0.32489,0.32489
1,3.3098,-1.2624,-1.2624
1,3.401,0.92917,0.92917
1,2.2826,-1.1678,-1.1678
1,1.3722,-0.59686,-0.59686
1,0.80673,0.233,0.233
1,3.6652,0.89449,0.89449
1,2.9434,1.3006,1.3006
1,2.0257,1.0718,1.0718
1,4.0925,-0.4531,-0.4531
1,3.0085,1.0441,1.0441
1,1.0494,-0.31629,-0.31629
1,2.9892,1.0772,1.0772
1,1.2055,-0.96684,-0.96684
1,1.5928,0.94457,0.94457
1,1.9147,-1.1992,-1.1992
1,2.9362,1.1478,1.1478
1,2.5635,1.0577,1.0577
1,1.9516,-1.1053,-1.1053
1,1.7938,0.91492,0.91492
1,2.0002,-1.0089,-1.0089
1,3.8539,-0.9866,-0.9866
1,1.3509,-0.7159,-0.7159
1,1.1974,-0.70452,-0.70452
1,3.7618,-0.805,-0.805
1,1.4236,1.1213,1.1213
1,4.4462,0.41005,0.41005
1,3.7764,0.93262,0.93262
1,2.0596,-1.0083,-1.0083
1,0.72649,0.31399,0.31399
1,1.3801,-0.79535,-0.79535
1,1.6146,0.96465,0.96465
1,1.0198,0.054707,0.054707
1,1.1912,0.49023,0.49023
1,3.7741,0.66721,0.66721
1,1.0118,-0.014101,-0.014101
1,4.5285,-0.19984,-0.19984
1,2.0722,1.0289,1.0289
1,1.0352,-0.34539,-0.34539
1,3.9581,0.58495,0.58495
1,1.6995,1.1295,1.1295
1,3.7722,-0.70667,-0.70667
1,2.022,-1.0235,-1.0235
1,1.1408,0.31969,0.31969
1,2.2011,-1.2415,-1.2415
1,0.82032,0.053775,0.053775
1,4.2252,-0.60973,-0.60973
1,1.2711,-0.80618,-0.80618
1,4.3969,0.28462,0.28462
1,4.191,0.78717,0.78717
1,3.6071,-0.94229,-0.94229
1,3.0298,1.1912,1.1912
1,4.1567,-0.45596,-0.45596
1,2.3281,-1.0657,-1.0657
1,1.1147,-0.22919,-0.22919
1,4.0086,0.36556,0.36556
1,4.1066,0.41538,0.41538
1,1.2518,-0.59054,-0.59054
1,1.1952,-0.38208,-0.38208
1,1.9256,1.1228,1.1228
1,1.3737,0.71504,0.71504
1,1.2789,0.72975,0.72975
1,3.8887,0.86961,0.86961
1,3.7708,0.76424,0.76424
1,2.7814,-1.0444,-1.0444
1,3.2617,-0.99682,-0.99682
1,3.4735,1.0079,1.0079
1,3.5342,0.9082,0.9082
1,3.1018,1.1208,1.1208
1,1.0616,0.19318,0.19318
1,3.619,-1.0097,-1.0097
1,1.6776,-0.8438,-0.8438
1,2.6665,1.0569,1.0569
1,2.8313,-1.0422,-1.0422
1,1.5092,-0.86491,-0.86491
1,1.8643,-1.1778,-1.1778
1,4.0092,0.36187,0.36187
1,0.82954,0.1242,0.1242
1,1.0901,-0.40886,-0.40886
1,4.1773,-0.34336,-0.34336
1,1.9993,-1.0197,-1.0197
1,1.6663,0.82085,0.82085
1,1.6594,0.8531,0.8531
1,3.9211,-0.89991,-0.89991
1,3.7417,-0.80556,-0.80556
1,4.2665,0.36165,0.36165
1,1.1402,-0.38802,-0.38802
1,3.2171,-0.99346,-0.99346
1,1.1067,-0.09519,-0.09519
1,1.4544,-0.77467,-0.77467
1,2.0894,-1.2328,-1.2328
1,1.3094,0.67843,0.67843
1,1.9952,-0.9929,-0.9929
1,1.317,0.97921,0.97921
1,4.0541,-0.80135,-0.80135
1,1.6818,0.82735,0.82735
1,4.0739,0.81117,0.81117
1,1.7178,0.89244,0.89244
1,4.1372,-0.66469,-0.66469
1,1.5797,0.93585,0.93585
1,2.9657,-1.3554,-1.3554
1,1.8545,-1.0533,-1.0533
1,1.7199,1.1832,1.1832
1,4.0303,-0.82429,-0.82429
1,2.2776,-1.1296,-1.1296
1,3.2729,-0.99234,-0.99234
1,3.8542,-0.91961,-0.91961
1,1.8302,0.91757,0.91757
1,3.2663,-1.2418,-1.2418
1,4.5476,-0.086403,-0.086403
1,1.7869,0.97308,0.97308
1,4.222,0.1233,0.1233
1,1.5269,0.80641,0.80641
1,4.1868,-0.7461,-0.7461
1,2.1126,-1.1981,-1.1981
1,4.1697,0.078878,0.078878
1,3.9581,-0.75108,-0.75108
1,2.9396,-1.0591,-1.0591
1,1.4122,-0.72002,-0.72002
1,4.2543,-0.61826,-0.61826
1,3.9661,-0.57467,-0.57467
1,1.9228,-1.1411,-1.1411
1,4.3847,0.45,0.45
1,1.1672,-0.58922,-0.58922
1,2.2132,1.1649,1.1649
1,0.7786,0.011491,0.011491
1,4.4416,0.059028,0.059028
1,1.426,0.67334,0.67334
1,1.0301,-0.11704,-0.11704
1,1.2048,-0.62535,-0.62535
1,4.0849,0.28073,0.28073
1,3.9982,0.6533,0.6533
1,1.5314,-0.72948,-0.72948
1,0.63767,0.016384,0.016384
1,3.3068,-1.1146,-1.1146
1,3.1079,-1.173,-1.173
1,1.0748,0.07958,0.07958
1,3.6739,-0.82819,-0.82819
1,3.7787,0.66608,0.66608
1,3.1482,1.1068,1.1068
1,3.8549,-0.70891,-0.70891
1,1.4074,0.66238,0.66238
1,1.9025,-1.0451,-1.0451
1,1.1485,-0.45138,-0.45138
1,1.2078,-0.51743,-0.51743
1,3.2139,-0.98534,-0.98534
1,2.2426,-1.0439,-1.0439
1,2.0306,-1.1492,-1.1492
1,1.1807,0.65585,0.65585
1,2.6937,-1.0719,-1.0719
1,2.8727,1.1443,1.1443
1,1.7141,-0.95833,-0.95833
1,3.2949,1.0467,1.0467
1,1.5077,-0.77874,-0.77874
1,1.0233,0.27169,0.27169
1,3.5781,0.97669,0.97669
1,1.0565,-0.35752,-0.35752
1,1.2331,0.66968,0.66968
1,1.265,0.70765,0.70765
1,2.9056,-1.2739,-1.2739
1,1.8919,1.1309,1.1309
1,2.4917,1.0969,1.0969
1,2.3316,-1.2257,-1.2257
1,3.7196,0.70621,0.70621
1,3.2309,-1.0468,-1.0468
1,4.0861,0.59036,0.59036
1,1.3796,0.80649,0.80649
1,3.4364,-1.0312,-1.0312
1,2.8739,-1.1783,-1.1783
1,0.92428,0.21588,0.21588
1,1.0871,0.52365,0.52365
1,1.6648,-1.0046,-1.0046
1,3.4106,1.1992,1.1992
1,1.0894,0.33285,0.33285
1,3.4141,-0.90241,-0.90241
1,1.4898,0.73772,0.73772
1,1.4841,-0.72662,-0.72662
1,1.1971,-0.35777,-0.35777
1,0.8352,0.2497,0.2497
1,1.2368,0.69071,0.69071
1,1.0975,-0.39841,-0.39841
1,4.0123,0.53753,0.53753
1,2.4895,1.1548,1.1548
1,4.3677,-0.029231,-0.029231
1,4.0159,-0.42753,-0.42753
1,2.6721,1.0791,1.0791
1,3.5369,0.93389,0.93389
1,3.5944,-0.9972,-0.9972
1,3.4445,-1.2188,-1.2188
1,4.4951,-0.16158,-0.16158
1,1.6897,1.0287,1.0287
1,3.9829,-0.50594,-0.50594
1,1.4444,0.80157,0.80157
1,2.4151,-1.2406,-1.2406
1,3.4294,0.94717,0.94717
1,2.6498,1.0496,1.0496
1,1.2566,-0.67487,-0.67487
1,3.7066,-0.83832,-0.83832
1,1.8916,-1.0348,-1.0348
1,1.3088,-0.90936,-0.90936
1,3.7921,-0.72361,-0.72361
1,3.827,0.62634,0.62634
1,3.5681,0.8959,0.8959
1,1.1228,0.85024,0.85024
1,4.4984,0.03547,0.03547
1,1.3178,-0.69996,-0.69996
1,3.2707,-1.3085,-1.3085
1,3.8242,-1.0744,-1.0744
1,2.8031,1.1079,1.1079
1,3.0494,-1.2108,-1.2108
1,3.2963,0.99176,0.99176
1,1.7433,-1.0765,-1.0765
1,2.5167,-1.1182,-1.1182
1,4.3823,0.20543,0.20543
1,2.8974,1.043,1.043
1,2.9631,-1.1697,-1.1697
1,1.4707,0.9106,0.9106
1,4.1318,-0.80139,-0.80139
1,2.5176,1.0577,1.0577
1,3.5187,1.1354,1.1354
1,1.0272,0.25162,0.25162
1,1.812,-0.92181,-0.92181
1,0.94588,0.66302,0.66302
1,2.4425,-1.1284,-1.1284
1,4.4742,0.055816,0.055816
1,2.5048,1.3096,1.3096
1,4.0816,-0.14689,-0.14689
1,2.7863,1.0694,1.0694
1,3.875,0.92714,0.92714
1,1.1412,-0.54088,-0.54088
1,2.6406,-1.2839,-1.2839
1,0.78803,-0.39375,-0.39375
1,4.1279,-0.40536,-0.40536
1,3.9194,-0.56327,-0.56327
1,3.258,0.96691,0.96691
1,3.2208,-0.96784,-0.96784
1,2.0054,1.0233,1.0233
1,2.1081,-1.322,-1.322
1,1.9026,0.99084,0.99084
1,3.7103,0.83556,0.83556
1,4.0041,-0.60057,-0.60057
1,3.6833,0.81906,0.81906
1,1.1029,-0.55209,-0.55209
1,2.5138,1.3166,1.3166
1,1.5584,0.85193,0.85193
1,4.3649,-0.42197,-0.42197
1,3.0675,1.3303,1.3303
1,3.956,0.43614,0.43614
1,1.7252,-0.95999,-0.95999
1,1.2919,0.52496,0.52496
1,2.1756,1.2018,1.2018
1,3.0562,1.0666,1.0666
1,3.9294,0.60582,0.60582
1,4.0237,-0.36192,-0.36192
1,3.9547,-0.77306,-0.77306
1,3.5653,1.0749,1.0749
1,3.9615,0.73036,0.73036
1,2.1391,-1.213,-1.213
1,3.6808,-0.7258,-0.7258
1,1.6851,1.0327,1.0327
1,2.4617,1.07,1.07
1,3.9567,0.69418,0.69418
1,1.8241,-0.91318,-0.91318
1,1.0472,0.55763,0.55763
1,1.2418,0.71102,0.71102
1,1.7152,-0.85677,-0.85677
1,1.4103,-0.65293,-0.65293
1,3.7543,-0.82297,-0.82297
1,4.0093,0.60358,0.60358
1,1.0743,0.012366,0.012366
1,3.9157,-0.87654,-0.87654
1,0.88961,0.2902,0.2902
1,1.4203,0.72252,0.72252
1,3.9282,0.96303,0.96303
1,3.5083,0.96887,0.96887
1,3.8876,0.52552,0.52552
1,0.97532,-0.20338,-0.20338
1,1.1647,0.90027,0.90027
1,1.8488,-1.0879,-1.0879
1,1.2089,-0.38788,-0.38788
1,3.3172,-0.94033,-0.94033
1,3.6536,0.75376,0.75376
1,4.3823,-0.23533,-0.23533
1,3.731,0.72146,0.72146
1,0.85129,0.38693,0.38693
1,3.7329,0.71787,0.71787
1,3.7189,0.84968,0.84968
1,1.2975,0.6842,0.6842
1,2.803,1.2245,1.2245
1,4.1958,-0.35018,-0.35018
1,3.7414,-0.80952,-0.80952
1,4.1679,0.15871,0.15871
1,2.1147,-1.026,-1.026
1,3.5342,-1.0739,-1.0739
1,4.1287,0.43788,0.43788
1,1.2978,-0.61362,-0.61362
1,3.4285,0.90373,0.90373
1,3.4995,-0.8585,-0.8585
1,1.3664,0.60181,0.60181
1,3.9603,-0.60625,-0.60625
1,3.6972,-0.83009,-0.83009
1,1.4861,-0.82342,-0.82342
1,1.7898,1.0205,1.0205
1,1.5772,-1.0759,-1.0759
1,3.7085,0.83649,0.83649
1,4.1425,0.13577,0.13577
1,4.0963,-0.87539,-0.87539
1,2.1598,-1.1208,-1.1208
1,1.0966,-0.12166,-0.12166
1,1.5635,1.0381,1.0381
1,0.87594,-0.37282,-0.37282
1,3.8467,-0.89365,-0.89365
1,2.0592,-1.3273,-1.3273
1,2.7947,1.1669,1.1669
1,1.348,-0.70604,-0.70604
1,2.7206,-1.0734,-1.0734
1,1.627,0.80334,0.80334
1,4.2904,0.047943,0.047943
1,1.393,0.97367,0.97367
1,3.6188,0.98202,0.98202
1,1.0315,-0.42784,-0.42784
1,4.0164,-0.3887,-0.3887
1,2.9932,-1.0148,-1.0148
1,0.70556,-0.24314,-0.24314
1,2.5718,-1.0738,-1.0738
1,3.6704,-0.80853,-0.80853
1,1.7612,-1.104,-1.104
1,1.2289,-0.43152,-0.43152
1,1.2925,0.51848,0.51848
1,1.0459,-0.19201,-0.19201
1,2.8931,-1.0988,-1.0988
1,3.3221,1.1866,1.1866
1,2.4195,1.101,1.101
1,1.1214,-0.25475,-0.25475
1,2.8,-1.1941,-1.1941
1,4.0023,0.4668,0.4668
1,3.9645,-0.90124,-0.90124
1,3.0654,1.2257,1.2257
1,1.9762,1.0005,1.0005
1,3.318,-1.2228,-1.2228
1,1.2528,0.45644,0.45644
1,1.7338,-0.99225,-0.99225
1,3.5883,-0.8257,-0.8257
1,1.5005,-0.99357,-0.99357
1,2.5526,-1.2659,-1.2659
1,3.7236,0.6973,0.6973
1,2.7029,1.0803,1.0803
1,3.8975,-0.90205,-0.90205
1,4.1257,-0.56607,-0.56607
1,1.8511,1.1281,1.1281
1,3.8621,0.93246,0.93246
1,3.625,0.95056,0.95056
1,0.84128,0.16469,0.16469
1,1.827,-1.0637,-1.0637
1,3.6034,-0.93852,-0.93852
1,2.2611,-1.105,-1.105
1,4.5694,-0.11057,-0.11057
1,3.417,-0.9657,-0.9657
1,1.5561,0.99359,0.99359
1,1.76,0.92626,0.92626
1,3.6601,-0.99898,-0.99898
1,2.1465,-1.0622,-1.0622
1,1.3785,-0.73078,-0.73078
1,1.2399,0.87189,0.87189
1,2.6923,1.0567,1.0567
1,3.4759,-0.98883,-0.98883
1,1.1523,0.76202,0.76202
1,3.5581,0.81994,0.81994
1,3.3369,0.93827,0.93827
1,1.5019,0.7361,0.7361
1,0.93708,0.061951,0.061951
1,0.80981,-0.21385,-0.21385
1,2.5482,1.2838,1.2838
1,2.5362,1.2346,1.2346
1,1.4625,-0.72567,-0.72567
1,1.8678,0.93501,0.93501
1,1.8153,1.0683,1.0683
1,1.7111,1.1054,1.1054
1,1.3495,0.58013,0.58013
1,3.4322,-1.0153,-1.0153
1,3.203,-1.0994,-1.0994
1,2.0413,1.0083,1.0083
1,3.1419,-1.1711,-1.1711
1,1.692,-1.1566,-1.1566
1,1.9629,1.2423,1.2423
1,3.9488,0.61946,0.61946
1,1.3879,-0.99867,-0.99867
1,2.5744,-1.0713,-1.0713
1,1.2668,0.68668,0.68668
1,1.6115,-0.94433,-0.94433
1,4.3169,0.069754,0.069754
1,4.0879,-0.35095,-0.35095
1,1.4368,-0.69845,-0.69845
1,2.8473,1.2041,1.2041
1,4.0814,-0.17648,-0.17648
1,3.0598,-1.1395,-1.1395
1,3.0631,-1.0071,-1.0071
1,1.3043,-0.57953,-0.57953
1,0.91193,0.051752,0.051752
1,4.072,0.47578,0.47578
1,1.2895,-0.91794,-0.91794
1,2.9438,1.0666,1.0666
1,4.371,0.0087791,0.0087791
1,3.4333,0.90497,0.90497
1,3.6779,0.85348,0.85348
1,1.2046,0.73282,0.73282
1,2.3993,-1.2921,-1.2921
1,4.2752,-0.35319,-0.35319
1,4.2908,-0.27931,-0.27931
1,1.1638,0.30518,0.30518
1,3.9265,-0.53284,-0.53284
1,2.3242,1.0495,1.0495
1,2.4068,1.2195,1.2195
1,1.6508,-0.8458,-0.8458
1,4.3141,0.075557,0.075557
1,1.3916,-0.66855,-0.66855
1,1.362,0.74176,0.74176
1,4.2569,-0.19571,-0.19571
1,3.5313,0.97529,0.97529
1,2.7887,1.1089,1.1089
1,1.2277,-0.65922,-0.65922
1,2.9221,1.2108,1.2108
1,1.1562,-0.33347,-0.33347
1,3.5376,-0.84965,-0.84965
1,1.2089,0.67554,0.67554
1,3.6483,0.79435,0.79435
1,1.7637,-0.95265,-0.95265
1,3.9611,0.55236,0.55236
1,1.4761,-0.73992,-0.73992
1,1.2935,-0.52958,-0.52958
1,1.0305,-0.087344,-0.087344
1,3.2739,1.1984,1.1984
1,0.93974,0.22786,0.22786
1,0.96826,-0.41184,-0.41184
1,3.9246,0.85251,0.85251
1,1.8176,-1.0093,-1.0093
1,1.4201,0.65019,0.65019
1,1.4029,0.71603,0.71603
1,1.1946,0.57968,0.57968
1,2.2482,1.0757,1.0757
1,2.1599,1.1361,1.1361
1,2.2234,-1.0216,-1.0216
1,1.6885,-0.93191,-0.93191
1,1.1152,-0.14052,-0.14052
1,3.3899,-0.9537,-0.9537
1,1.716,-0.99153,-0.99153
1,1.2023,0.70576,0.70576
1,4.1041,0.097638,0.097638
1,1.5103,-0.75987,-0.75987
1,4.0288,-0.65856,-0.65856
1,2.4948,1.0592,1.0592
1,3.7522,0.79433,0.79433
1,3.2411,-0.95376,-0.95376
1,3.7929,0.78955,0.78955
1,3.9771,-0.68047,-0.68047
1,1.4832,-0.97295,-0.97295
1,2.263,-1.0826,-1.0826
1,4.38,0.051333,0.051333
1,3.7023,-0.91626,-0.91626
1,1.2615,-0.9643,-0.9643
1,4.2435,-0.11151,-0.11151
1,3.5127,0.84973,0.84973
1,1.7482,1.0719,1.0719
1,3.4846,-0.91522,-0.91522
1,4.0845,-0.072319,-0.072319
1,3.3057,0.93301,0.93301
1,1.763,-0.97128,-0.97128
1,3.0694,1.0403,1.0403
1,1.3859,0.86428,0.86428
1,4.1691,-0.59865,-0.59865
1,3.8787,-0.64251,-0.64251
1,3.778,-0.74617,-0.74617
1,3.3454,1.1033,1.1033
1,2.9981,-1.098,-1.098
1,3.6874,0.81365,0.81365
1,3.704,0.86781,0.86781
1,1.4098,0.74511,0.74511
1,4.2269,-0.0033617,-0.0033617
1,2.5314,1.2351,1.2351
1,4.0227,-0.39633,-0.39633
1,2.4137,-1.3332,-1.3332
1,4.0592,-0.2333,-0.2333
1,1.3491,0.74839,0.74839
1,3.3925,-1.0473,-1.0473
1,1.3188,0.62397,0.62397
1,1.0368,-0.32476,-0.32476
1,3.0986,-1.1522,-1.1522
1,3.7342,0.80163,0.80163
1,1.3362,-0.74537,-0.74537
1,0.97437,0.42318,0.42318
1,2.2662,-1.159,-1.159
1,3.3791,-1.0694,-1.0694
1,1.0912,0.41986,0.41986
1,4.2215,0.37653,0.37653
1,2.65,1.1578,1.1578
1,0.75631,-0.25731,-0.25731
1,3.8938,-0.84994,-0.84994
1,2.4075,1.3286,1.3286
1,3.1886,-1.0154,-1.0154
1,2.3348,1.1904,1.1904
1,1.4674,-0.68329,-0.68329
1,0.98902,-0.53948,-0.53948
1,4.186,0.033409,0.033409
1,1.7354,-1.0133,-1.0133
1,3.0322,-1.0408,-1.0408
1,3.5023,-0.94099,-0.94099
1,1.943,1.1792,1.1792
1,1.1105,0.47906,0.47906
1,4.3214,-0.50321,-0.50321
1,1.0374,-0.078837,-0.078837
1,3.6864,0.94539,0.94539
1,1.1833,0.62349,0.62349
1,1.6833,1.1127,1.1127
1,1.6136,-0.82426,-0.82426
1,1.8848,-1.0667,-1.0667
1,2.7654,1.0493,1.0493
1,3.7361,-1.0548,-1.0548
1,2.3096,-1.3333,-1.3333
1,3.4896,-1.0172,-1.0172
1,1.1805,0.66445,0.66445
1,1.4155,-0.89023,-0.89023
1,4.239,-0.1216,-0.1216
1,1.1205,0.24307,0.24307
1,1.0698,0.040258,0.040258
1,0.94283,0.71796,0.71796
1,4.0442,-0.57592,-0.57592
1,3.8995,-0.63284,-0.63284
1,3.9766,-0.5267,-0.5267
1,1.608,-0.96676,-0.96676
1,0.87345,-0.25315,-0.25315
1,1.2637,0.47486,0.47486
1,1.1185,-0.10928,-0.10928
1,1.9104,-1.1401,-1.1401
1,1.6697,0.92315,0.92315
1,4.0214,0.88464,0.88464
1,3.8843,0.69818,0.69818
1,1.1719,0.40033,0.40033
1,1.459,0.91329,0.91329
1,3.6621,-0.74773,-0.74773
1,3.0477,-1.2995,-1.2995
1,4.1151,-0.2107,-0.2107
1,3.2643,-0.98598,-0.98598
1,3.8167,0.86718,0.86718
1,3.5137,0.92466,0.92466
1,3.7036,0.73636,0.73636
1,1.5123,1.1103,1.1103
1,4.1978,-0.15675,-0.15675
1,2.7323,-1.0756,-1.0756
1,0.84475,-0.16762,-0.16762
1,1.9466,1.0145,1.0145
1,3.471,1.1125,1.1125
1,1.1497,0.501,0.501
1,1.6715,-0.88034,-0.88034
1,3.5906,1.1747,1.1747
1,4.2257,-0.67643,-0.67643
1,4.3264,0.17075,0.17075
1,0.96727,0.51182,0.51182
1,2.5181,1.379,1.379
1,3.7886,0.69041,0.69041
1,3.9365,0.84061,0.84061
1,3.7087,0.76001,0.76001
1,3.4628,-0.98167,-0.98167
1,4.1694,0.42845,0.42845
1,1.1964,0.95555,0.95555
1,1.235,0.77752,0.77752
1,3.8716,-1.0288,-1.0288
1,4.0957,0.17678,0.17678
1,1.2272,-0.86191,-0.86191
0,2.1948,-1.3878,-0
0,-0.54287,-2.313,-0
0,-1.4638,-1.7936,-0
0,-2.6161,0.77842,-0
0,0.042161,-2.3294,-0
0,-2.1109,-1.1678,-0
0,2.4912,-0.63178,-0
0,-1.8682,1.4264,-0
0,0.31477,-2.4148,-0
0,0.96955,-2.2853,-0
0,-0.6771,-2.2967,-0
0,0.28338,-2.4167,-0
0,-2.2848,-0.18828,-0
0,2.1646,-0.66924,-0
0,-0.25471,-2.4325,-0
0,2.155,-1.6488,-0
0,-0.83937,-2.2718,-0
0,-0.44642,-2.5523,-0
0,1.9655,-1.5751,-0
0,-2.5017,0.46372,-0
0,-0.84226,2.1109,-0
0,0.84568,-2.3136,-0
0,-0.4531,2.2471,-0
0,2.2974,-0.20434,-0
0,1.484,2.017,-0
0,1.1717,-2.6941,-0
0,-2.2688,-0.95168,-0
0,-2.4481,-0.56879,-0
0,1.9647,-1.3926,-0
0,2.0965,-0.9772,-0
0,-1.3329,1.9425,-0
0,-0.17435,2.4106,-0
0,-1.9868,-1.1133,-0
0,1.5822,-1.8915,-0
0,-2.6971,0.18706,-0
0,2.2357,0.60338,-0
0,-0.65176,-2.686,-0
0,0.083471,-2.2941,-0
0,-1.6432,-1.9613,-0
0,-1.2684,-2.3156,-0
0,-1.7814,1.9081,-0
0,2.1398,1.3304,-0
0,-2.362,-0.60856,-0
0,-0.92808,-2.0596,-0
0,-1.9046,1.3147,-0
0,1.2626,-2.0439,-0
0,-0.47138,2.2321,-0
0,0.60156,2.4096,-0
0,0.0905,2.3421,-0
0,0.29091,-2.4924,-0
0,-1.4637,-2.0775,-0
0,-1.6207,1.7338,-0
0,-0.24156,2.8405,-0
0,1.8834,-1.6782,-0
0,-2.7242,0.080315,-0
0,2.341,-0.66521,-0
0,-2.6402,-0.15322,-0
0,-2.215,-0.42445,-0
0,-2.2721,-1.2797,-0
0,-1.5157,2.0351,-0
0,-0.89295,-2.0738,-0
0,1.8566,1.5251,-0
0,-1.6232,-1.8126,-0
0,2.7486,0.14059,-0
0,-2.3457,1.2267,-0
0,1.6463,1.8066,-0
0,-0.51301,-2.475,-0
0,-1.8668,-2.0153,-0
0,2.2975,1.3192,-0
0,2.5497,-0.50862,-0
0,-1.8078,1.4639,-0
0,-2.1515,0.86227,-0
0,-1.8401,1.2963,-0
0,-2.3131,1.1535,-0
0,-1.8886,-1.4628,-0
0,1.8751,-1.7053,-0
0,-2.3023,-0.50752,-0
0,2.2145,0.44815,-0
0,1.437,1.9869,-0
0,-0.30704,2.2973,-0
0,-1.2022,-2.169,-0
0,0.29637,-2.7749,-0
0,-1.5045,2.2236,-0
0,-1.7974,-1.3937,-0
0,-1.831,1.3639,-0
0,-1.1372,2.1874,-0
0,-0.37317,-2.3878,-0
0,-2.3382,0.72008,-0
0,2.2374,1.781,-0
0,-1.2204,1.9276,-0
0,2.1206,-0.88954,-0
0,-1.9167,-1.4133,-0
0,-0.58847,-2.7024,-0
0,0.31098,-2.255,-0
0,1.8323,-1.4632,-0
0,-2.1727,0.61476,-0
0,0.55435,2.427,-0
0,-0.48618,2.273,-0
0,1.8752,-1.809,-0
0,-0.3609,2.4386,-0
0,1.3628,-1.9391,-0
0,-0.030999,2.3573,-0
0,-1.1009,-2.4728,-0
0,2.4317,-0.31785,-0
0,1.9655,1.4895,-0
0,-0.55448,2.5407,-0
0,1.3807,1.8202,-0
0,0.79502,2.124,-0
0,-2.1816,1.4813,-0
0,-2.1791,-1.9162,-0
0,1.2591,-1.9268,-0
0,-1.3582,-1.8886,-0
0,1.8592,-1.2755,-0
0,2.702,-0.072679,-0
0,-1.7485,1.727,-0
0,0.93527,2.1843,-0
0,-0.017749,2.6209,-0
0,1.7223,-1.5326,-0
0,1.0627,2.7873,-0
0,-1.3007,-2.1583,-0
0,-2.5297,-0.74629,-0
0,0.3842,-2.7432,-0
0,1.9234,1.7985,-0
0,-2.5827,0.14403,-0
0,1.7074,1.8701,-0
0,0.19217,2.815,-0
0,-0.72723,2.6348,-0
0,1.6091,1.6337,-0
0,-1.4532,-2.5783,-0
0,-2.0578,-0.91206,-0
0,-2.2683,0.37875,-0
0,2.5031,0.96945,-0
0,1.6578,-1.8909,-0
0,-2.3053,1.6512,-0
0,-1.3986,1.7884,-0
0,-2.1897,0.53551,-0
0,1.3687,2.1513,-0
0,-0.064631,2.6727,-0
0,-2.2076,-0.58675,-0
0,-1.4713,1.7043,-0
0,-0.37746,-2.5256,-0
0,1.9155,1.6561,-0
0,1.9421,1.7771,-0
0,-1.751,-2.1411,-0
0,-0.68309,-2.2741,-0
0,2.0983,1.1158,-0
0,0.7178,2.5044,-0
0,-1.8387,-2.2955,-0
0,-0.46359,-2.7569,-0
0,2.1468,1.2769,-0
0,-2.266,1.4978,-0
0,1.5361,1.6456,-0
0,1.8284,-1.6076,-0
0,2.6356,-0.37337,-0
0,1.4875,1.726,-0
0,-2.5655,1.1662,-0
0,2.2883,-1.0574,-0
0,-2.5813,-1.2471,-0
0,1.4275,2.2832,-0
0,-2.1263,1.1101,-0
0,-2.7704,1.0477,-0
0,1.2741,-1.8858,-0
0,-1.3854,2.394,-0
0,1.8709,-1.4263,-0
0,1.5407,1.9479,-0
0,-2.3422,0.013528,-0
0,1.5872,1.6416,-0
0,1.8876,-1.6041,-0
0,0.45748,-2.5875,-0
0,0.44892,2.6584,-0
0,0.37985,-2.6242,-0
0,1.8495,1.9819,-0
0,2.1511,-2.0316,-0
0,1.4527,2.4077,-0
0,2.4896,0.32717,-0
0,-1.6718,2.2578,-0
0,1.1613,2.1086,-0
0,0.060679,2.5859,-0
0,0.95232,2.2988,-0
0,2.3931,-0.5333,-0
0,-1.3936,-2.0926,-0
0,-0.07642,-2.334,-0
0,-1.7539,1.5839,-0
0,-1.8394,-1.7301,-0
0,-2.2174,0.50824,-0
0,-1.0025,-2.4579,-0
0,1.7586,-1.9963,-0
0,-2.0816,0.8821,-0
0,-2.0155,-1.1022,-0
0,-1.9553,-1.9027,-0
0,-2.3679,-0.50651,-0
0,1.1059,2.3266,-0
0,-0.20855,2.5021,-0
0,2.3084,0.81861,-0
0,-2.0243,-1.2008,-0
0,-1.4166,1.92,-0
0,2.1841,1.2074,-0
0,0.15522,2.5611,-0
0,2.1086,1.3448,-0
0,-2.3363,1.5514,-0
0,-1.4865,-2.1113,-0
0,-2.4659,-0.18774,-0
0,-1.8615,2.3001,-0
0,2.0348,1.6853,-0
0,-0.015035,2.5975,-0
0,2.3064,0.53586,-0
0,-1.9315,1.4777,-0
0,1.0762,2.0223,-0
0,-0.40985,-2.2729,-0
0,-1.6676,-2.0386,-0
0,-1.0217,2.571,-0
0,-2.0506,1.4883,-0
0,1.0819,2.0806,-0
0,-1.1742,-2.0493,-0
0,-2.0217,1.1369,-0
0,-2.3137,-0.2764,-0
0,2.1843,-0.90162,-0
0,-2.6328,-0.29215,-0
0,0.51815,-2.3307,-0
0,1.1722,-1.9574,-0
0,0.67153,-2.4666,-0
0,-1.6183,-1.6371,-0
0,-0.74124,2.4961,-0
0,-2.356,0.85078,-0
0,-0.18737,-2.6336,-0
0,2.2406,0.94684,-0
0,0.14892,2.6572,-0
0,1.5119,-1.8078,-0
0,1.271,2.0414,-0
0,-1.2534,2.0938,-0
0,1.513,1.7692,-0
0,-2.5538,-0.38366,-0
0,1.8325,-1.4778,-0
0,-1.5707,1.6991,-0
0,-1.7042,-1.8813,-0
0,2.3076,0.11209,-0
0,-1.5353,-1.898,-0
0,0.010833,2.3814,-0
0,2.1742,-1.3662,-0
0,2.0681,0.95405,-0
0,-1.2198,-2.4656,-0
0,1.7538,-1.8567,-0
0,-0.66268,2.3766,-0
0,-1.7319,1.6963,-0
0,-1.052,-2.535,-0
0,1.5501,1.8859,-0
0,-1.6019,-1.7425,-0
0,0.71551,2.1394,-0
0,-2.8843,0.01791,-0
0,-0.099683,2.444,-0
0,1.3886,1.7907,-0
0,-2.2262,1.4033,-0
0,1.7535,1.6142,-0
0,-1.9049,-1.3253,-0
0,-2.1501,1.4331,-0
0,-1.7879,-1.4884,-0
0,0.331,-2.6989,-0
0,-2.4217,0.66974,-0
0,-0.79934,2.3959,-0
0,-2.6086,0.079131,-0
0,0.066688,-2.5992,-0
0,1.242,-2.263,-0
0,-0.97899,2.4567,-0
0,-1.5207,-1.8407,-0
0,2.3286,1.4822,-0
0,-2.2699,0.07493,-0
0,-0.94577,-2.1432,-0
0,1.5564,-2.1634,-0
0,2.532,0.76738,-0
0,-1.7294,-1.9394,-0
0,-2.9031,-0.46821,-0
0,0.96651,-2.1837,-0
0,-2.3544,-0.15403,-0
0,-2.1657,0.96229,-0
0,1.1271,2.0406,-0
0,2.0759,1.5902,-0
0,-1.8889,-1.3465,-0
0,0.29752,-2.7122,-0
0,2.1546,-1.6646,-0
0,-0.65731,2.5029,-0
0,-1.3724,-2.2303,-0
0,-2.3699,-0.82432,-0
0,1.5146,1.7147,-0
0,1.9106,-1.8025,-0
0,1.644,2.0014,-0
0,1.1023,-2.7388,-0
0,1.7107,1.7191,-0
0,1.9064,1.3145,-0
0,-0.14687,2.6968,-0
0,-0.7825,-2.1298,-0
0,0.32004,2.6171,-0
0,2.6172,-0.15798,-0
0,-1.4116,-2.0705,-0
0,2.4479,-1.2118,-0
0,0.94375,2.1093,-0
0,-2.0664,-1.0003,-0
0,-2.0288,1.2625,-0
0,-1.1732,1.9732,-0
0,-1.2078,-2.2317,-0
0,0.90553,-2.1914,-0
0,-1.6862,1.8786,-0
0,-1.266,-2.4109,-0
0,-1.864,-1.3714,-0
0,0.9283,-2.8039,-0
0,1.5091,2.3516,-0
0,-0.69237,2.1726,-0
0,-2.6167,-0.97406,-0
0,-1.9223,1.6323,-0
0,-0.6641,-2.2363,-0
0,2.4713,-1.5879,-0
0,-1.3395,-2.1293,-0
0,-1.261,1.9946,-0
0,-1.0168,2.0309,-0
0,2.0355,1.7102,-0
0,2.1734,-1.5826,-0
0,1.7658,-1.4664,-0
0,2.1485,1.2966,-0
0,1.6596,-1.6441,-0
0,2.7272,0.46747,-0
0,1.3155,-1.8489,-0
0,0.15727,-2.4372,-0
0,-0.5758,-2.5604,-0
0,2.0287,-1.7839,-0
0,0.6246,-2.8227,-0
0,2.4261,-0.51092,-0
0,-2.069,1.0947,-0
0,-1.7205,-1.5154,-0
0,-1.5664,-2.03,-0
0,2.2461,-0.69176,-0
0,-2.3019,0.23093,-0
0,-1.7625,-2.1808,-0
0,1.7553,2.0338,-0
0,-1.3169,-2.0452,-0
0,-0.31274,2.6702,-0
0,2.3913,-1.0384,-0
0,-2.2176,0.97172,-0
0,2.4857,0.29348,-0
0,-0.88042,-2.4105,-0
0,-2.216,0.79305,-0
0,-2.1287,1.602,-0
0,-1.911,-1.3703,-0
0,-0.25682,2.5789,-0
0,-1.5107,-1.807,-0
0,-1.4211,-1.7501,-0
0,2.0597,-1.051,-0
0,0.81908,2.6192,-0
0,-0.0090891,2.3362,-0
0,1.4273,-1.9669,-0
0,0.064553,2.6804,-0
0,1.6645,-2.0168,-0
0,2.1826,0.78947,-0
0,2.1965,-0.87575,-0
0,2.3785,-0.80285,-0
0,2.2953,1.0219,-0
0,0.76943,2.3136,-0
0,0.72824,-2.6056,-0
0,0.422,-2.6406,-0
0,-0.37085,-2.5081,-0
0,0.90172,2.3832,-0
0,-0.63565,-2.1623,-0
0,-2.5282,-0.036606,-0
0,-1.8757,-1.9452,-0
0,-0.84224,-2.1587,-0
0,-0.36508,2.9387,-0
0,2.0476,-1.0106,-0
0,-2.3442,-0.34331,-0
0,2.6724,0.057005,-0
0,0.92829,-2.6176,-0
0,-1.0578,-2.2932,-0
0,-2.0659,-2.0058,-0
0,2.5995,0.68768,-0
0,1.7786,1.4172,-0
0,-2.3631,-0.27386,-0
0,-2.2972,1.4836,-0
0,1.4767,2.1581,-0
0,-1.2602,2.2437,-0
0,2.4344,-0.27074,-0
0,0.34599,-2.2752,-0
0,2.249,0.40711,-0
0,2.838,-0.62942,-0
0,0.75591,-2.3578,-0
0,2.3857,-0.013164,-0
0,2.3337,0.36929,-0
0,-0.85603,2.8062,-0
0,-2.5048,0.4653,-0
0,-2.0753,1.4149,-0
0,-1.183,-2.4318,-0
0,-2.1555,0.92696,-0
0,-2.2596,1.2356,-0
0,-0.84206,2.4889,-0
0,2.4147,0.95047,-0
0,1.1669,-2.1957,-0
0,1.6705,-1.8123,-0
0,-1.8248,1.5564,-0
0,1.7775,2.0583,-0
0,-2.2641,0.12671,-0
0,2.2643,1.2101,-0
0,1.8324,-1.5764,-0
0,-0.98698,-2.5589,-0
0,-1.1308,-1.9649,-0
0,2.0815,-1.0672,-0
0,1.5585,1.8842,-0
0,-1.7492,1.4273,-0
0,2.2118,-1.6955,-0
0,1.9814,-1.9811,-0
0,-1.2189,2.3874,-0
0,0.92057,-2.2288,-0
0,1.814,-1.5308,-0
0,-1.0069,-2.1278,-0
0,2.2751,-1.5101,-0
0,0.75854,-2.2708,-0
0,-2.7708,-0.96938,-0
0,2.1199,0.88461,-0
0,-1.604,-1.627,-0
0,-1.7281,1.7104,-0
0,-0.63829,-2.3371,-0
0,1.5724,1.6235,-0
0,2.1202,-1.2657,-0
0,0.1029,2.9845,-0
0,2.151,-1.1802,-0
0,2.2929,0.80328,-0
0,0.13852,2.7018,-0
0,1.8317,1.4948,-0
0,1.9202,1.6357,-0
0,-1.5317,-1.841,-0
0,-2.0184,-1.3688,-0
0,-2.6135,0.65184,-0
0,-2.4328,-0.14027,-0
0,0.1854,2.3206,-0
0,-1.9552,2.0042,-0
0,2.7604,0.33428,-0
0,1.6688,1.8939,-0
0,-1.82,-1.4231,-0
0,-0.87897,2.2638,-0
0,-2.1164,-1.4032,-0
0,1.2586,2.1871,-0
0,-2.4195,-1.272,-0
0,1.3561,1.8058,-0
0,-1.6027,-1.9941,-0
0,2.5803,0.45494,-0
0,1.4956,1.9322,-0
0,-1.8975,-1.7205,-0
0,1.832,-1.6907,-0
0,-2.2434,-0.65644,-0
0,-1.9749,-1.6321,-0
0,1.5451,-2.3328,-0
0,-0.75855,2.2665,-0
0,0.7683,-2.2562,-0
0,-2.0086,1.0742,-0
0,-1.0332,2.3982,-0
0,0.60937,2.1888,-0
0,-1.5894,2.044,-0
0,1.3273,-2.5392,-0
0,-2.3471,-0.35782,-0
0,0.2055,2.3244,-0
0,-1.0985,2.1381,-0
0,1.6536,-1.8566,-0
0,-1.2007,2.2049,-0
0,2.2497,-0.24842,-0
0,-1.9201,-1.7807,-0
0,2.0912,1.265,-0
0,-2.3609,0.1532,-0
0,2.2407,0.63329,-0
0,-2.5268,-0.38486,-0
0,-2.237,-0.29532,-0
0,1.5947,2.0673,-0
0,0.087039,-2.6123,-0
0,-2.2675,-0.99643,-0
0,2.6151,0.43045,-0
0,-2.0168,-2.1732,-0
0,-1.1901,-2.3645,-0
0,2.4606,0.96934,-0
0,0.029626,-2.2726,-0
0,-2.4547,1.4515,-0
0,-2.2357,0.27868,-0
0,0.32888,2.5122,-0
0,-2.0414,-1.2163,-0
0,-2.6706,1.2409,-0
0,1.4356,-1.918,-0
0,1.9325,1.7702,-0
0,-0.31124,-2.3549,-0
0,-0.71454,2.5088,-0
0,-1.6858,1.8865,-0
0,-1.8943,1.6861,-0
0,-1.4421,2.2217,-0
0,-1.1786,1.9493,-0
0,0.26293,2.6279,-0
0,2.0688,-1.1507,-0
0,-2.511,1.4826,-0
0,2.1195,-1.6971,-0
0,2.6335,-0.11981,-0
0,-1.6701,-1.5644,-0
0,-1.4048,1.9966,-0
0,-2.6785,1.195,-0
0,-1.6473,-1.6005,-0
0,-1.8581,2.3044,-0
0,-0.9423,2.3475,-0
0,-0.044461,2.3423,-0
0,1.8362,1.4572,-0
0,1.39,-2.0382,-0
0,2.0582,-1.0091,-0
0,1.9312,1.4988,-0
0,-2.1731,0.69615,-0
0,1.0755,-2.7049,-0
0,1.2136,1.991,-0
0,-0.48098,-2.5022,-0
0,-1.8603,-1.2789,-0
0,-2.7171,0.49927,-0
0,1.6139,1.9167,-0
0,0.52027,2.7868,-0
0,-0.8702,2.2965,-0
0,2.2614,-0.97089,-0
0,0.619,2.2372,-0
0,-2.3494,-0.67773,-0
0,0.58962,2.3082,-0
0,-2.1129,-2.0717,-0
0,-1.526,2.024,-0
0,-1.0383,-2.5695,-0
0,0.50933,2.4595,-0
0,-0.055367,2.2663,-0
0,-0.98236,-2.3683,-0
0,-1.2216,1.9604,-0
0,-0.90876,-2.1617,-0
0,1.8998,-2.114,-0
0,-1.8925,-1.534,-0
0,-2.1252,-1.5096,-0
0,1.7604,-1.7249,-0
0,-1.7825,2.4026,-0
0,2.7972,0.87864,-0
0,1.7824,1.9984,-0
0,-0.81882,-2.1605,-0
0,-2.8386,0.6728,-0
0,-1.8484,-1.7042,-0
0,-1.4931,2.067,-0
0,-2.3943,0.11722,-0
0,-2.1345,1.0504,-0
0,1.7789,1.4297,-0
0,-2.4064,-0.030216,-0
0,2.922,-0.42821,-0
0,-0.79968,2.2046,-0
0,-2.3708,-0.74009,-0
0,2.0577,1.2534,-0
0,-1.3644,2.4202,-0
0,1.7761,-1.5142,-0
0,-0.87583,-2.1931,-0
0,-2.2109,0.68501,-0
0,-0.6044,-2.6601,-0
0,-2.6965,0.11523,-0
0,2.4624,-1.3065,-0
0,-2.0135,-1.7274,-0
0,2.7225,0.60987,-0
0,2.4106,1.6867,-0
0,1.5259,-2.0191,-0
0,0.65115,2.5524,-0
0,2.3587,-0.977,-0
0,-0.41201,-2.2835,-0
0,-2.2504,-0.4911,-0
0,2.1343,0.7833,-0
0,2.2827,0.89006,-0
0,-2.0428,-1.2654,-0
0,-2.1285,-0.8187,-0
0,-1.0218,2.4058,-0
0,-1.858,1.5321,-0
0,-2.0017,1.5637,-0
0,1.9525,1.8634,-0
0,1.7739,1.6376,-0
0,0.27479,-2.2378,-0
0,1.0025,-2.1359,-0
0,1.3235,2.1597,-0
0,1.4154,1.946,-0
0,0.76029,2.4016,-0
0,-2.331,0.41394,-0
0,1.5439,-2.1635,-0
0,-1.3976,-1.808,-0
0,0.10081,2.2647,-0
0,0.35052,-2.2332,-0
0,-1.6527,-1.8533,-0
0,-1.1146,-2.5238,-0
0,2.1351,0.7754,-0
0,-2.6825,0.26613,-0
0,-2.2877,-0.87609,-0
0,2.3899,-0.73573,-0
0,-0.91008,-2.185,-0
0,-1.4148,1.7589,-0
0,-1.4252,1.828,-0
0,2.0017,-1.9283,-0
0,1.7298,-1.7261,-0
0,2.525,0.77493,-0
0,-2.2118,-0.83142,-0
0,0.93507,-2.1287,-0
0,-2.2625,-0.20397,-0
0,-1.7358,-1.6599,-0
0,-0.77359,-2.6416,-0
0,-1.9555,1.4537,-0
0,-0.91632,-2.1275,-0
0,-1.9439,2.0982,-0
0,2.2031,-1.7171,-0
0,-1.3911,1.7728,-0
0,2.2332,1.7381,-0
0,-1.3367,1.9123,-0
0,2.3292,-1.4243,-0
0,-1.546,2.0053,-0
0,0.55409,-2.9042,-0
0,-1.1296,-2.257,-0
0,-1.3335,2.5354,-0
0,2.1671,-1.7662,-0
0,-0.48842,-2.4204,-0
0,1.0196,-2.1263,-0
0,1.9003,-1.9705,-0
0,-1.1664,1.9661,-0
0,1.0095,-2.6609,-0
0,2.951,-0.18514,-0
0,-1.232,2.0851,-0
0,2.4576,0.26421,-0
0,-1.626,1.7279,-0
0,2.4043,-1.5987,-0
0,-0.73847,-2.5673,-0
0,2.3783,0.16902,-0
0,2.0578,-1.6094,-0
0,0.51458,-2.2693,-0
0,-1.7997,-1.5428,-0
0,2.5065,-1.3248,-0
0,2.0699,-1.2314,-0
0,-1.026,-2.4451,-0
0,2.7041,0.96423,-0
0,-2.1709,-1.2625,-0
0,-0.58602,2.4961,-0
0,-2.7597,0.024622,-0
0,2.7903,0.12648,-0
0,-1.7788,1.4428,-0
0,-2.3786,-0.25079,-0
0,-2.1139,-1.34,-0
0,2.2498,0.60152,-0
0,2.1185,1.3998,-0
0,-1.6191,-1.5631,-0
0,-2.9732,0.035106,-0
0,1.0709,-2.3884,-0
0,0.76956,-2.5135,-0
0,-2.311,0.17052,-0
0,1.627,-1.7746,-0
0,1.7859,1.4272,-0
0,0.83061,2.3715,-0
0,1.9013,-1.519,-0
0,-1.807,1.4193,-0
0,-1.0568,-2.2394,-0
0,-2.1993,-0.96719,-0
0,-2.1094,-1.1087,-0
0,0.93022,-2.1113,-0
0,-0.54152,-2.2369,-0
0,-0.86278,-2.4624,-0
0,-2.1504,1.4053,-0
0,0.14199,-2.2969,-0
0,0.41322,2.4519,-0
0,-1.3422,-2.0534,-0
0,1.0528,2.2429,-0
0,-1.6551,-1.6686,-0
0,-2.389,0.58216,-0
0,1.4819,2.0928,-0
0,-2.3386,-0.76607,-0
0,-2.071,1.435,-0
0,-2.0228,1.5163,-0
0,0.4631,-2.7296,-0
0,-1.0728,2.4232,-0
0,-0.16402,2.3504,-0
0,-0.40662,-2.6265,-0
0,1.6964,1.5132,-0
0,0.95588,-2.2431,-0
0,2.2516,1.265,-0
0,-1.8491,1.7281,-0
0,1.2673,-2.2097,-0
0,0.41495,-2.5248,-0
0,-2.539,0.46258,-0
0,-2.2922,1.122,-0
0,-1.417,-2.1527,-0
0,1.2282,2.5696,-0
0,-2.2887,0.7132,-0
0,1.2335,-1.9336,-0
0,-1.6821,1.5807,-0
0,-1.6908,-1.557,-0
0,-2.1257,-0.76661,-0
0,-2.6739,0.53505,-0
0,-2.0654,1.48,-0
0,-2.2765,-0.85369,-0
0,2.1398,1.1518,-0
0,-0.16747,2.4744,-0
0,2.6783,-0.062636,-0
0,2.1453,-0.91608,-0
0,0.10918,2.3123,-0
0,1.4196,2.0011,-0
0,1.5067,-2.1368,-0
0,1.2796,-2.6115,-0
0,2.8713,-0.34623,-0
0,-1.3793,2.2042,-0
0,2.0954,-1.0841,-0
0,-1.7509,1.7176,-0
0,-0.28022,-2.6583,-0
0,1.2567,2.0295,-0
0,0.075522,2.249,-0
0,-2.0354,-1.4461,-0
0,1.6767,-1.7963,-0
0,-1.0734,-2.2173,-0
0,-1.9564,-1.9485,-0
0,1.8062,-1.5505,-0
0,1.8592,1.3421,-0
0,1.4669,1.9197,-0
0,-2.2382,1.8219,-0
0,2.8764,0.076002,-0
0,-1.9428,-1.4998,-0
0,1.0163,-2.8037,-0
0,1.8548,-2.3021,-0
0,0.30767,2.374,-0
0,0.68098,-2.5944,-0
0,1.0549,2.1251,-0
0,-1.2981,-2.3066,-0
0,-0.12623,-2.3961,-0
0,2.7005,0.44019,-0
0,0.45061,2.2349,-0
0,0.55012,-2.5064,-0
0,-1.711,1.9512,-0
0,2.3209,-1.7172,-0
0,-0.12481,2.2663,-0
0,1.3919,2.4328,-0
0,-2.3831,0.53916,-0
0,-1.1939,-1.9752,-0
0,-2.5062,1.4207,-0
0,-0.23862,-2.4178,-0
0,2.8398,0.1196,-0
0,-0.14427,2.8062,-0
0,2.2449,-0.31476,-0
0,0.28229,2.2914,-0
0,1.9318,1.9866,-0
0,-2.2102,-1.159,-0
0,0.061441,-2.7512,-0
0,-2.7454,-0.84372,-0
0,2.315,-0.86858,-0
0,1.999,-1.207,-0
0,0.99696,2.0718,-0
0,0.94061,-2.0738,-0
0,-0.90085,2.1926,-0
0,-0.74532,-2.8326,-0
0,-1.0567,2.1231,-0
0,1.6822,1.7904,-0
0,2.1274,-1.2869,-0
0,1.6414,1.755,-0
0,-2.2683,-1.183,-0
0,-0.13058,2.8211,-0
0,-1.5781,1.8255,-0
0,2.674,-0.90418,-0
0,0.7083,2.8505,-0
0,2.0546,0.93453,-0
0,-1.3255,-2.057,-0
0,-1.9819,1.1249,-0
0,-0.64302,2.5751,-0
0,0.69114,2.2854,-0
0,2.0143,1.2981,-0
0,2.1571,-0.77551,-0
0,2.0525,-1.6565,-0
0,1.4625,2.3033,-0
0,2.0629,1.565,-0
0,-0.69833,-2.5992,-0
0,1.6376,-1.5552,-0
0,-1.3862,2.2127,-0
0,-0.20958,2.2926,-0
0,2.0556,1.4875,-0
0,-1.1756,-1.9567,-0
0,-2.3528,1.1949,-0
0,-2.0579,1.5235,-0
0,-1.3407,-1.8359,-0
0,-1.8026,-1.3991,-0
0,1.7489,-1.7634,-0
0,2.1353,1.2933,-0
0,-2.3116,0.026497,-0
0,1.9936,-1.8782,-0
0,-2.5915,0.62183,-0
0,-1.7874,1.5482,-0
0,2.0124,2.0635,-0
0,1.3762,2.076,-0
0,1.9509,1.1261,-0
0,-2.4616,-0.4358,-0
0,-2.1747,1.929,-0
0,-1.1383,-2.3311,-0
0,-2.1077,-0.83112,-0
0,1.0867,-2.0149,-0
0,1.5963,1.6151,-0
0,2.7005,-0.50426,-0
0,1.7136,1.5459,-0
0,-2.6496,0.82908,-0
0,1.7166,1.5382,-0
0,1.6953,1.8207,-0
0,-1.9735,1.4661,-0
0,0.30762,2.6238,-0
0,2.4179,-0.75035,-0
0,1.7294,-1.7346,-0
0,2.3757,0.34007,-0
0,-0.73533,-2.1985,-0
0,1.4155,-2.301,-0
0,2.3162,0.93827,-0
0,-1.973,-1.3148,-0
0,1.2553,1.9365,-0
0,1.3629,-1.8395,-0
0,-1.869,1.2895,-0
0,2.061,-1.299,-0
0,1.6624,-1.7787,-0
0,-1.6877,-1.7644,-0
0,-1.2276,2.1866,-0
0,-1.5497,-2.3053,-0
0,1.6796,1.7924,-0
0,2.3371,0.29092,-0
0,2.2671,-1.8757,-0
0,-0.66703,-2.4015,-0
0,-2.2779,-0.26069,-0
0,-1.5704,2.2244,-0
0,-2.6122,-0.79887,-0
0,1.8889,-1.9149,-0
0,-0.81946,-2.844,-0
0,0.29497,2.5003,-0
0,-1.8969,-1.5129,-0
0,0.18269,-2.3001,-0
0,-1.4743,1.7214,-0
0,2.5613,0.10273,-0
0,-1.8288,2.0863,-0
0,1.5437,2.1042,-0
0,-2.3765,-0.91675,-0
0,2.1461,-0.83288,-0
0,0.59579,-2.1744,-0
0,-2.8704,-0.52099,-0
0,-0.042682,-2.301,-0
0,1.6217,-1.7325,-0
0,-1.2709,-2.3656,-0
0,-2.0775,-0.92463,-0
0,-1.9811,1.111,-0
0,-2.3547,-0.41143,-0
0,0.44411,-2.3545,-0
0,1.094,2.5427,-0
0,-0.27343,2.3591,-0
0,-2.2403,-0.54587,-0
0,0.3031,-2.5587,-0
0,2.1246,1.0002,-0
0,2.0675,-1.9311,-0
0,0.70511,2.6264,-0
0,-0.9451,2.1438,-0
0,1.088,-2.6201,-0
0,-2.0412,0.97804,-0
0,-1.3124,-2.1261,-0
0,1.4974,-1.7693,-0
0,-1.6659,-2.129,-0
0,-0.07181,-2.7125,-0
0,1.7025,1.4941,-0
0,0.15597,2.3148,-0
0,1.9659,-1.9329,-0
0,2.3117,-1.2129,-0
0,-1.1347,2.4172,-0
0,1.9123,1.998,-0
0,1.553,2.0368,-0
0,-2.6647,0.35289,-0
0,-1.1712,-2.2793,-0
0,1.5204,-2.011,-0
0,-0.5135,-2.3678,-0
0,2.984,-0.23693,-0
0,1.2379,-2.0692,-0
0,-1.5817,2.129,-0
0,-1.2728,1.9847,-0
0,1.6062,-2.1406,-0
0,-0.68715,-2.276,-0
0,-1.8507,-1.5659,-0
0,-2.0608,1.8682,-0
0,0.13983,2.2641,-0
0,1.3272,-2.1188,-0
0,-2.1934,1.6328,-0
0,1.4517,1.7569,-0
0,1.1165,2.0105,-0
0,-1.6637,1.5773,-0
0,-2.5196,0.13275,-0
0,-2.7124,-0.45823,-0
0,-0.078559,2.7509,-0
0,-0.096695,2.6454,-0
0,-1.7235,-1.5549,-0
0,-1.1094,2.0035,-0
0,-1.1889,2.2891,-0
0,-1.3468,2.3685,-0
0,-1.8947,1.2431,-0
0,1.2609,-2.1756,-0
0,0.9136,-2.3558,-0
0,-0.84646,2.1606,-0
0,0.82102,-2.5093,-0
0,-1.3758,-2.4782,-0
0,-0.96532,2.6619,-0
0,2.0436,1.3274,-0
0,-1.8365,-2.1399,-0
0,-0.038742,-2.2956,-0
0,-2.0201,1.4714,-0
0,-1.4977,-2.0235,-0
0,2.6013,0.14947,-0
0,2.2544,-0.75199,-0
0,-1.7625,-1.4966,-0
0,0.37474,2.5801,-0
0,2.2445,-0.37815,-0
0,0.69663,-2.4416,-0
0,0.70159,-2.158,-0
0,-1.9632,-1.2418,-0
0,-2.5577,0.11089,-0
0,2.2302,1.0195,-0
0,-1.9857,-1.9669,-0
0,0.52085,2.2855,-0
0,2.6833,0.018811,-0
0,1.2625,1.9391,-0
0,1.6332,1.8288,-0
0,-2.1143,1.5703,-0
0,-0.30415,-2.7685,-0
0,2.5383,-0.7568,-0
0,2.5619,-0.59848,-0
0,-2.1761,0.65393,-0
0,2.0098,-1.1417,-0
0,-0.41789,2.2488,-0
0,-0.29273,2.613,-0
0,-1.4382,-1.8123,-0
0,2.5972,0.1619,-0
0,-1.8309,-1.4325,-0
0,-1.8758,1.5894,-0
0,2.5104,-0.41936,-0
0,1.411,2.0898,-0
0,0.28598,2.376,-0
0,-2.0792,-1.4125,-0
0,0.48805,2.5944,-0
0,-2.1876,-0.71454,-0
0,1.4205,-1.8206,-0
0,-2.1077,1.4475,-0
0,1.5884,1.7021,-0
0,-1.2672,-2.0413,-0
0,2.0623,1.1836,-0
0,-1.7029,-1.5855,-0
0,-1.9795,-1.1348,-0
0,-2.3781,-0.18716,-0
0,1.021,2.568,-0
0,-2.5156,0.48824,-0
0,-2.4723,-0.88248,-0
0,2.0069,1.8267,-0
0,-1.1854,-2.1628,-0
0,-1.7877,1.3932,-0
0,-1.8137,1.5343,-0
0,-2.1294,1.2421,-0
0,-0.53296,2.305,-0
0,-0.66684,2.4344,-0
0,-0.57068,-2.189,-0
0,-1.3811,-1.9968,-0
0,-2.2497,-0.3011,-0
0,1.1967,-2.0435,-0
0,-1.3394,-2.1246,-0
0,-2.1177,1.5123,-0
0,2.279,0.20921,-0
0,-1.651,-1.6282,-0
0,2.1649,-1.4111,-0
0,-0.15936,2.2696,-0
0,1.7458,1.702,-0
0,0.97132,-2.0437,-0
0,1.8075,1.6918,-0
0,2.0865,-1.4581,-0
0,-1.6921,-2.0848,-0
0,-0.51065,-2.3197,-0
0,2.6969,0.10999,-0
0,1.6702,-1.9633,-0
0,-2.028,-2.0662,-0
0,2.4902,-0.23893,-0
0,1.3829,1.8208,-0
0,-1.2907,2.2969,-0
0,1.3404,-1.9611,-0
0,2.2493,-0.15496,-0
0,1.0692,1.9992,-0
0,-1.2682,-2.0812,-0
0,0.71126,2.2292,-0
0,-1.8396,1.8519,-0
0,2.3774,-1.2827,-0
0,1.9374,-1.3767,-0
0,1.7848,-1.5989,-0
0,1.1293,2.3641,-0
0,0.6032,-2.3527,-0
0,1.6476,1.7434,-0
0,1.6727,1.8595,-0
0,-1.8033,1.5966,-0
0,2.4649,-0.0072033,-0
0,-0.10387,2.6465,-0
0,2.1556,-0.84924,-0
0,-0.28234,-2.8566,-0
0,2.2109,-0.4999,-0
0,-1.8953,1.6036,-0
0,1.2008,-2.2441,-0
0,-1.9412,1.337,-0
0,-2.3685,-0.69587,-0
0,0.75549,-2.4689,-0
0,1.7185,1.7177,-0
0,-1.9149,-1.5971,-0
0,-2.4631,0.90676,-0
0,-0.50576,-2.4835,-0
0,1.1804,-2.2914,-0
0,-2.286,0.89965,-0
0,2.4568,0.80681,-0
0,0.075701,2.4808,-0
0,-2.7935,-0.55135,-0
0,1.9603,-1.8212,-0
0,-0.29166,2.8469,-0
0,0.89179,-2.1758,-0
0,-0.4018,2.5508,-0
0,-1.716,-1.4641,-0
0,-2.4409,-1.156,-0
0,2.4031,0.071587,-0
0,-1.31,-2.1712,-0
0,0.6548,-2.2301,-0
0,1.3671,-2.0163,-0
0,-0.99551,2.5267,-0
0,-2.2568,1.0265,-0
0,2.6082,-1.0783,-0
0,-2.3676,-0.16893,-0
0,1.6461,2.0257,-0
0,-2.1466,1.336,-0
0,-1.389,2.3843,-0
0,-1.4945,-1.7662,-0
0,-1.0836,-2.2856,-0
0,0.25065,2.2484,-0
0,1.7214,-2.2601,-0
0,-0.44005,-2.8569,-0
0,1.3478,-2.1795,-0
0,-2.1508,1.4237,-0
0,-1.7947,-1.9075,-0
0,2.4833,-0.26057,-0
0,-2.2417,0.52084,-0
0,-2.3184,0.086263,-0
0,-2.5109,1.5384,-0
0,2.1882,-1.234,-0
0,1.969,-1.356,-0
0,2.0857,-1.1286,-0
0,-1.503,-2.0715,-0
0,-2.616,-0.54243,-0
0,-2.0247,1.0175,-0
0,-2.2447,-0.23417,-0
0,-1.0449,-2.4429,-0
0,-1.4095,1.9781,-0
0,2.1536,1.8956,-0
0,1.9459,1.496,-0
0,-2.1638,0.8578,-0
0,-1.7288,1.9569,-0
0,1.6093,-1.6022,-0
0,0.6783,-2.7846,-0
0,2.2956,-0.45149,-0
0,1.0065,-2.1127,-0
0,1.8434,1.8581,-0
0,1.3844,1.9813,-0
0,1.6721,1.5778,-0
0,-1.648,2.3791,-0
0,2.4209,-0.33587,-0
0,0.20045,-2.3047,-0
0,-2.6595,-0.35918,-0
0,-0.99002,2.1738,-0
0,1.3197,2.3837,-0
0,-2.1974,1.0735,-0
0,-1.4068,-1.8863,-0
0,1.5009,2.5171,-0
0,2.4632,-1.4494,-0
0,2.6157,0.36587,-0
0,-2.4738,1.0967,-0
0,-0.12416,2.9547,-0
0,1.801,1.4794,-0
0,2.025,1.8012,-0
0,1.6799,1.6285,-0
0,1.3073,-2.1035,-0
0,2.3778,0.91806,-0
0,-2.1267,2.0475,-0
0,-2.0682,1.666,-0
0,1.9267,-2.2044,-0
0,2.2662,0.3788,-0
0,-2.08,-1.8469,-0
