"X","Y"
-1.21167878,-1.2468857
1.6635849,0.34300942
0.97909317,-0.00958214
1.55889486,0.67099475
0.7774611,-0.52524609
-0.958449,-0.29081034
1.67090335,-0.12377312
0.28401497,1.73621064
-1.09296195,1.3432746
0.75533188,-0.47773404
0.30889603,-0.81751698
-0.39189887,-0.71121963
0.171268,-0.92689662
-0.18709525,1.68380984
1.7283446,-0.30994276
1.34702517,-1.10910644
-0.07902924,-0.94901676
0.7684178,-0.63319627
-1.83661173,0.27859141
-0.40873211,0.68440009
0.12776447,1.76762009
1.17116377,-1.45053343
1.35461456,1.1257263
-1.54871353,-0.88802906
-0.92947462,0.13010454
0.70507465,0.39683921
-0.85820339,-0.17522003
-0.32953634,-1.64518324
0.18107108,0.93837987
-0.25164028,-0.74910802
0.54519974,-0.54508844
-1.51942382,0.89882985
-0.93107986,-0.01757458
0.28118758,0.93590017
-0.77611045,0.04388522
0.56501965,-0.70349588
-1.0787559,-1.20486375
0.21559524,-1.73080562
-1.25002076,-1.24936498
-1.48289379,0.68791638
-0.80459804,-0.5079274
0.61214563,-0.81242267
0.94965617,0.05730374
1.31886017,-1.17397828
-1.09994738,1.37377964
-0.67707198,-1.59390021
-0.83881398,0.30590818
1.67980377,-0.61518519
0.50079831,0.56990487
-0.67119628,-0.69048804
0.91668168,0.44730852
-0.82539163,-0.3991685
0.09458094,-1.69343564
0.1260685,-0.67761079
-0.2864,,-1.59766534
-0.04953692,-0.98931607
1.63045653,-0.61055728
-0.78897443,-1.58982897
0.81205259,0.05976476
-0.90555115,0.14491462
-1.31293406,-1.18917478
1.53747891,0.99200623
-0.81633983,0.39688855
-0.59203875,1.73219399
0.062721,0.83465903
-0.01627179,0.92351712
-0.5592691,-1.81506454
-0.59304618,-0.78349235
-1.34689968,-1.1459259
-0.9769822,0.14386816
1.63401476,0.15773619
-1.69159965,-1.05962155
0.72679736,0.19456753
-0.73214582,0.52546469
0.74807549,1.55711507
-0.14276754,-1.71182081
0.03935553,0.87996926
-0.22989804,1.84806157
0.52860411,1.65759616
0.39518601,-0.66459107
0.7557408,-0.37826429
-1.65178019,-0.62624082
-1.08238822,-1.27619065
-1.36831297,-1.30065653
0.60353822,0.66702853
-0.76584238,1.44305382
0.59570074,-0.46885384
-0.93672301,-1.51522326
-0.06940612,-1.77721947
-1.75928925,0.0850242
0.37534275,-1.75890203
0.01544315,-1.77784971
-1.17862719,1.06314959
1.73591842,0.40284852
-0.63227576,-0.41891842
-0.10373545,-1.01038769
1.55674537,-1.12975982
-0.57472708,1.66468236
1.75894712,0.50306522
0.15529315,0.94649503
-0.69408835,0.34720253
0.32051131,-0.88758266
0.98467578,1.56044364
0.10148048,0.89027869
-1.02558382,0.06075222
0.13300642,1.03678148
-1.702893,0.58250769
-1.30978431,-0.94201885
0.44408655,-1.70754585
-0.91334994,0.3230134
-0.02895556,1.85383533
1.71683683,0.15701403
1.65132805,0.68105771
1.24045358,1.04567156
-0.30127106,-0.86813892
0.20118658,0.81502785
1.61806389,0.42217691
-0.3458693,-0.67782086
0.76523653,0.49996501
-0.23233395,-1.79719741
1.51693083,0.77535922
1.71134669,-0.72607361
-1.22352317,-1.24667948
-0.54298841,-1.6704655
-1.08139188,-1.55294317
-0.30730783,0.90234791
-1.6816852,-0.64808098
-1.83498224,-0.31428311
0.44936347,-0.6689978
-0.07052129,0.90892707
1.06901853,0.28957624
0.26799701,0.83694595
-0.2828101,1.77596404
-0.31214744,-0.87569703
1.42404198,-1.01834476
-1.57297902,1.04006214
0.44348497,1.74318785
-1.36610335,1.14598476
-0.99222042,0.3993421
0.71162787,-1.56329509
-1.62294213,0.72861717
0.9640779,-1.5084536
0.28918939,0.7886894
0.86015431,0.20987606
-0.08878163,1.73917096
-1.95656785,-0.04633083
0.14563603,-1.57505421
-1.67240672,0.67748181
0.70981332,-0.3023908
1.73965142,0.10704841
-1.52733243,1.17986237
-0.83822408,-0.50401978
1.750528,0.44756799
0.15489364,0.91858315
0.9677772,0.25916358
-0.03604559,0.73696168
0.88438598,-0.32852238
-1.77437376,0.13005818
-0.08099213,0.83914464
1.6241267,-0.80112617
-0.4034621,-0.84411273
1.54508902,-0.88550473
-0.40641977,1.7826752
-0.82411642,-0.31988613
0.45447354,-0.69862279
0.2896062,0.71418649
-0.978312,0.35714871
0.77290079,-0.51500963
-1.49912493,0.70767846
1.75959227,0.35400842
-1.54759209,-0.89643959
0.90684579,0.31164102
0.68015329,-0.3779033
-0.15173092,1.81668634
-0.3985917,0.71067587
-1.60932361,-0.8464116
0.42349144,1.48377677
-0.82639244,-1.71079729
0.5257065,-0.69974305
1.17974422,-1.21356102
-1.52375885,0.98252085
-0.54906175,1.53686156
1.76194864,-0.50975407
1.91628976,-0.0252365
0.61957601,-1.6992765
1.41458086,1.11371276
1.52948401,-1.17650483
1.27985422,1.3213288
-1.69729062,-0.7379771
0.78399319,1.7391301
-1.6108619,0.84701732
-0.74661609,-0.52074027
-0.7180038,0.41284433
-1.37685819,-1.11459953
0.18652556,-0.74731312
-0.62926638,1.65415818
-0.82558939,0.14593637
1.38617484,1.00748555
-1.08921997,1.38740108
-1.55437688,1.09252639
-1.67320977,-0.44606777
1.69253193,0.34979197
0.30684859,0.90404903
1.19803937,1.29133158
-0.22942531,0.6845815
0.15132063,1.73542162
0.89716565,1.49597346
-1.36857104,-1.0675538
0.47796369,-1.70145643
-0.2451161,0.90460584
0.9398583,0.013621,
0.05991273,-1.7890216
1.89441689,0.08227715
0.8944976,-0.10496479
-0.78755038,-0.3327686
-1.29571079,-1.19593748
-0.46366257,-0.70559412
0.63734007,0.54146368
0.7343021,-1.54476667
-0.82149887,0.22803997
0.33463995,0.90058554
0.62661384,1.72066898
1.69063384,-0.37615808
1.07028608,-1.50363691
-0.33446019,-1.88725779
-1.39737033,-0.92437771
0.90064041,-0.19965987
-0.7596193,-0.23444868
-1.76557918,-0.517507,
1.04241801,1.36289436
1.61745553,-0.34159464
0.21915747,-0.85324616
0.57336606,-0.67885799
1.65260827,-0.80774548
0.31679889,-1.66357257
0.50880635,0.75780794
-0.90616117,-0.19620838
0.86201359,-0.14816002
-0.55231218,1.85139648
-0.86901186,-0.1406042
-0.19595979,0.86516419
1.65573162,0.66669285
-0.4061234,0.709197,
0.34767932,-0.7700169
1.44150366,0.7337406
-0.87052699,-0.35242489
-0.02895093,-0.86297881
-0.49208272,-1.70467942
-0.57637123,0.53697367
-1.21579309,1.22771702
0.53566912,-0.37219058
1.37303017,-1.17606453
-0.5651812,1.50463635
-0.17993481,0.78993748
-0.56737849,0.82847032
-0.30151582,-0.93593109
-0.37626124,1.62684294
0.67928454,-0.53672722
1.89184959,-0.42451602
-0.78232618,0.46671452
-1.64066689,-1.11624749
1.18091789,-1.0577474
0.37166334,0.91514439
-1.54123528,1.0026188
-0.63852552,-0.45153717
0.74916287,-1.53998477
0.1343711,-0.8914558
-0.20210175,0.88571261
-1.6924586,0.20754254
-0.6901744,-0.16570269
0.70949178,-0.63876468
1.04681834,-0.06999538
0.66651188,-0.37584057
0.93464397,-0.55937908
-0.54161595,0.7027489
-0.66764473,-1.73624978
-0.95753852,-0.19770679
0.05398613,1.70288203
-1.48988564,1.11485002
0.58983376,-0.74100275
0.35362317,-0.74520016
0.7483961,-0.39321896
0.43414379,-0.85762458
-0.29371023,0.80109383
-0.63719494,0.56577569
1.71581504,-0.95004495
-0.38811896,0.71426408
-0.32731934,-1.72814465
-0.87020968,0.00307623
-1.78371942,0.51157874
-0.46236005,-0.62208674
1.78857509,-0.14842585
1.60652066,0.71496125
-0.05245302,-1.80539845
-0.91313514,-0.05921947
-0.42244301,1.81282442
-0.04533346,0.89530718
-0.31828624,0.79609592
0.81803889,-0.1937704
-1.36700997,-1.10835832
0.8679123,-1.53520681
1.29903491,-1.18461079
-1.60191395,0.77174683
0.63192911,1.6202892
0.8827041,-1.54499381
-1.21079375,-1.42553083
1.75381406,0.62424471
-0.74596267,0.41255077
-0.95566396,0.15404516
-1.85162405,0.24812816
0.83976912,0.20910261
-1.35496274,-1.13218464
0.5334626,0.82221913
1.54827847,-0.88149414
-1.58634395,-0.67142542
-0.82584657,-0.4692078
0.17571403,0.86785924
-0.75125855,-0.38270441
1.6898988,0.92266053
-0.61113511,1.65487773
-1.54998395,0.71185057
0.71812757,0.52604372
-0.91666479,-0.41283382
0.97714294,-0.19358424
1.61872041,0.8778225
-0.1966161,0.89011932
-0.15877187,-1.8227991
-0.51987726,-1.66516808
-0.70466452,0.45926265
-0.51455033,0.45329826
-1.80730133,-0.06775677
0.64373762,0.52697943
-0.53192395,-0.41292239
1.54451845,0.49504254
-1.18031773,1.45264014
-0.34575109,0.97362721
0.72647573,-0.52924951
1.08075702,1.54218469
0.38656181,-0.76996956
-0.92890382,0.31430458
-1.49527002,-0.94067869
0.97251016,1.52761245
-0.13455428,1.97876473
-0.63594441,0.69798727
0.31840273,-0.92139142
-0.74174468,0.41203029
-0.71649581,0.53955253
0.08527808,-0.76753419
0.08045529,-1.72924114
0.30964841,-0.89216383
0.73700104,0.36781873
-0.32134499,-0.94550786
-0.88023086,-1.6828962
-1.5059471,0.08451679
0.45271884,-0.75509827
-0.31371568,-0.87609239
-0.44940831,-0.80740102
0.62041648,-0.60156981
-0.76683227,-1.4993275
0.81278773,0.51505224
0.40388246,-1.66989909
1.49011832,0.64378793
-0.09244937,-0.77109877
-0.27071327,-1.63469746
1.33331742,1.3169677
0.45432065,0.74575401
-0.79778571,-0.52040301
-0.26010089,-0.87557633
1.60088488,0.68456462
-0.53480554,0.64374087
1.39999702,1.08437037
-1.08281434,-1.38760523
0.18595022,-0.88686796
1.80514854,-0.14962991
0.23918599,-0.86289061
-0.77296669,1.51387507
1.45400002,-1.00149875
1.70377255,-0.38029324
0.39362362,-1.75288537
0.0227045,1.7769305
0.37773172,1.69318349
0.32657272,-0.73201161
-1.50293988,0.71165169
1.74049673,0.15982925
-0.3281285,-1.65737537
0.54733347,-0.6257339
-1.11214957,-1.48854302
0.03479438,-1.80080829
-0.85189268,-0.13945168
-1.75055615,-0.16636332
0.39034868,0.86055947
-0.62932571,-0.63163466
0.56735723,-0.42200598
0.74863354,0.58409315
-0.9818594,0.09685755
0.90753007,-0.52788693
1.29585823,-1.34147805
-0.15902005,-0.81332651
1.8688519,0.00165726
-0.38553573,0.81465761
-0.90913672,0.10176629
0.91146058,-1.58621094
0.20977551,0.9401835
-0.68058954,0.40735105
0.85444064,-0.21810733
-0.75852227,0.41784338
0.81186872,-1.56383161
-0.789003,0.2623197
0.2922699,0.68431653
1.01725723,0.15350696
-1.76287595,-0.85377187
-0.69330036,-1.63512933
-0.22744472,0.76273053
-0.35664359,-0.93858513
-1.85078712,-0.34932937
-0.09195889,-0.82961992
-0.76571313,-0.08343116
-0.85146896,-0.24606049
0.7620793,0.38652449
0.88447948,0.34326173
0.7412611,-0.46934507
1.49712125,-0.88274117
1.34104121,-1.23012443
-0.88616814,-0.19446169
0.41900597,0.76435087
0.27722193,-0.71257487
1.01250981,-1.35709858
-0.90787298,1.44121463
1.78664704,-0.52934795
1.49221043,-1.13971393
0.78096052,0.62746453
-1.38703909,-0.875376,
0.62050497,0.91122074
-0.85337725,1.54017034
-1.73571278,-0.65969504
-0.7163411,-0.33837861
-0.97575734,1.61841034
-0.77513102,0.29827253
0.13101887,-0.90058561
-1.07907829,-1.54831376
0.37157665,-0.84436624
-1.56865897,-0.71760159
-0.74703082,-0.65012893
0.74557259,-0.33107374
-0.52785823,0.68926191
0.08671349,-0.77835513
-0.67899991,-0.4482264
-0.08819251,-1.07344364
-0.75263101,-0.23314373
-0.0676463,0.6905251
-0.53897283,-1.50853724
-0.57591587,0.66806757
-0.03222783,-1.77845405
1.07591515,-1.41709579
1.24258088,-1.3252083
-0.73466412,0.64515606
-0.14268456,1.04458281
0.85538282,-0.32198513
-1.76143916,-0.69247982
-0.03447311,1.72394651
-0.71333177,1.62892559
-0.01470549,-0.73141416
0.11423428,-0.91944574
0.80159628,-0.39784973
-0.8760227,0.24874051
0.43496933,0.82810755
1.53445272,0.7950303
0.36121969,-0.89056674
0.01395348,-0.91906254
1.17277198,-1.30412047
0.7317263,0.53509508
-0.08318149,0.78899986
0.79661345,0.04139747
0.23723602,-1.73710199
1.33436724,1.16675263
-1.37189805,-1.19394139
-0.76349974,-0.44403008
-0.8005173,0.28895205
1.61127144,0.64169523
-0.46902907,-0.67433239
-0.68355172,1.34704334
0.8403553,-0.27965588
-1.31202541,1.12133827
1.64893846,-0.84929296
1.55382765,-0.84124989
-1.16355805,1.2598844
0.03547909,0.77749454
-0.12626917,-1.74653587
-1.75882701,-0.2793929
-1.20341898,1.35067694
-0.73950606,0.28690581
-0.94093777,-1.34934211
1.03145388,-0.12017983
-0.96868815,-0.02315039
1.15872495,-1.34401014
-1.26505038,1.27678473
-0.71408901,0.67102625
0.54202018,0.73309503
-1.76698235,-0.21160492
-1.1833797,1.36709024
-1.74175293,-0.59617058
-0.10734854,-0.97682609
-1.6555434,0.4247285
-1.277609,-1.14593082
-1.89769098,0.25883177
0.89187749,-0.16650031
0.77973147,0.81641753
-0.26050054,-1.81313394
-1.4897303,0.74396567
-0.96266157,-0.23108781
-0.08597253,1.76616662
0.97732834,0.10755196
-0.27241459,0.86313483
1.57762748,0.98619488
-0.93982004,-1.60506929
1.68002982,0.1428554
0.28460334,0.84368014
-0.77063168,-1.55240996
-0.75143437,-0.50729142
1.72196251,-0.56332358
0.16164193,-0.91058018
1.51216058,0.75395575
-0.57871551,0.69583773
0.64292168,-0.61020548
-1.61948394,-0.59335313
-0.30819184,-1.79100502
-0.20120828,1.80887376
-1.60253833,0.66778107
-1.05497527,-1.38940328
0.61584999,0.64984408
-0.28490385,-0.69401834
-0.55456494,-1.67371896
0.82767016,-0.36797333
-1.82062195,-0.60006537
0.72990289,-1.71053592
-0.55513641,0.61903237
0.50074429,-1.72599102
-0.16362107,-1.84863263
0.79771047,0.32946474
-1.21589557,-1.39071567
-0.64527624,-0.64840311
0.79991082,1.47643791
1.84896754,0.22516523
-0.90197836,0.3406597
0.48668291,-0.51991274
-1.21347667,-1.27941992
-0.01451724,-1.82740213
-0.47323154,0.58734711
0.85173566,0.51448844
-0.53970695,-0.70409184
1.25446031,1.3030515
1.46918784,0.86990233
-0.98651002,-0.02857625
-0.09736528,0.90669615
-1.76468543,-0.32023787
0.31244729,1.59571837
-0.59053525,0.6660437
0.31070808,-0.94545681
-1.7810519,0.41930487
-0.0121356,1.99432957
-0.86129313,-0.3151956
-1.85470172,0.16081081
1.16049444,1.58246621
1.3302161,-0.73665105
-0.87357397,1.45168606
-0.24412699,1.01907031
-1.61361151,0.77166546
-0.16240956,0.75788154
-1.84513508,-0.19622046
-1.90661908,0.37660074
-1.1319457,1.43907513
-1.69008048,0.25589766
-0.84246875,-0.2960272
-0.78559777,0.60340106
0.52455764,-0.66478972
1.6677211,-0.44110639
0.7837864,-0.61330786
1.8322398,0.15008484
1.51575982,0.73252017
0.68857105,-0.55737338
-0.63124623,-0.90178574
0.89402164,0.37102234
-1.77371637,0.16959919
0.85972542,0.30050659
0.95763957,-0.23957239
0.35123583,-0.83464494
1.67066782,-0.2377698
1.34020941,-1.19513932
1.249953,1.2656884
-0.66142366,-0.73872482
0.04320052,-0.85737995
-0.07242608,1.79619625
0.14704985,1.82337406
0.1462824,-0.88527923
0.80909786,-0.40096565
1.64549059,-0.54190788
0.73896215,0.37344624
-0.36095934,-1.74138835
1.77573171,-0.16035064
1.41949663,1.09234832
-0.8604917,0.22207856
-1.63739396,-0.44304741
-1.28730308,1.46842241
0.38950235,-1.71750416
-1.57328701,-0.18767469
0.10902861,-0.82794485
0.81989038,1.65489975
-1.16851023,1.43950131
0.83492776,0.2459933
-0.49419431,-0.70534233
1.31122308,1.29126935
0.67015325,0.33920307
0.34526452,-0.63064436
-0.18742845,0.76792511
-0.95126629,-0.4969791
0.93268475,0.00691016
-1.34687268,1.18657167
-1.13872128,1.43359463
0.84465527,-0.22769187
1.59348939,-0.91100094
-0.39430293,-0.80581483
0.92946919,-0.16000307
-1.43496116,-0.61473123
0.14879098,0.83604445
-1.71343928,0.24371923
0.64198969,-1.60446305
-0.85598267,1.73275508
0.147918,-0.8825466
1.7351344,-0.57780852
-0.27328307,-0.9898319
-0.19929487,0.93606102
-0.76848146,0.59884371
0.76189254,0.35774434
-1.69023549,-0.02734457
-1.10577013,-1.03057422
1.18779683,1.4512236
-0.66236396,-0.76850696
-0.31623842,-0.8249702
1.42086153,-0.83542418
-0.81526947,-0.34954234
-0.83798438,-1.65459982
1.24686388,-1.28069636
-0.86462655,0.11308587
-0.1360206,-0.91899815
0.44677491,0.67770133
0.13309046,1.01699404
-1.73425535,0.13133528
0.91300762,-0.02683362
-1.81267585,-0.21868401
-0.32145983,1.86646352
1.58353664,0.89054952
-0.57878421,-0.8298969
0.68985082,0.66102704
-1.1975108,1.30627617
-0.09998533,-0.86335876
0.88583511,0.132985,
-0.82402662,-0.20324842
-0.68955691,0.67481469
0.82621391,0.37874603
-0.38871823,-1.62887598
-1.29032721,-1.36110258
-0.83264769,-0.37463044
-0.27772244,-0.80185098
0.3275988,-0.66486693
-0.60085331,-0.85483478
0.0768912,1.87279425
0.86665591,0.09364239
1.81221808,-0.0162161
0.01935188,-0.98276149
-1.6375032,0.91345317
-0.3965501,1.84774404
-0.14929786,0.91451643
0.30976384,-0.67759765
-0.14930836,0.91308434
-0.45633829,0.90826736
-0.4601704,-1.77242531
-0.95544514,1.61671306
1.71298528,0.59592865
1.2695665,-1.19259851
-0.8170235,-0.21171469
-0.66386027,1.5076491
0.31545317,0.91058901
-0.2254322,0.86077993
-0.37576413,0.8572496
0.04546329,-0.84091767
-0.24703151,0.75146491
-0.99313636,1.43345326
1.21944134,1.30544191
1.67959726,0.29448803
0.75456389,-0.24937188
0.46215576,0.72233637
0.70139764,0.55255404
-0.63237931,0.60346746
0.4303989,0.7226916
0.8689382,-0.362906,
-0.0721943,-1.743414,
-0.49598106,0.59010895
-0.80677564,-0.33159745
-0.59815353,-1.75885947
0.96893123,-1.59304705
-1.01364502,-1.40062599
0.76585161,-0.44227052
-0.52955226,0.79078136
1.74469225,-0.24260442
0.88116596,0.15437727
0.83630474,-0.14404341
-0.94741948,0.13684085
-1.64449529,0.02838886
0.01791567,0.75518956
-0.53603672,1.53543422
-1.74110808,-0.60295699
-0.24919792,1.68139438
1.28933676,1.03446061
-0.11492507,1.85329431
-1.03601143,-1.42802088
0.76574663,0.29674795
0.63344148,1.91518689
0.71551833,0.19096374
-1.60494314,0.8625554
-0.54399134,-0.65860566
0.39297872,0.57824784
-1.39738581,-1.11328266
0.65652623,1.5662101
-0.45353061,-0.7339603
-0.639243,-0.31703538
-0.66624761,-0.35410412
-0.72601741,0.63565107
-0.27441563,-0.96224545
1.81677437,-0.11079061
0.61546912,-1.85101077
0.55102661,0.68879124
-0.15977366,-0.90875572
1.37228221,1.13750299
0.52054826,1.92274323
-0.91780894,0.26648044
-0.88518754,-0.36639183
-0.64085607,-0.63200463
0.79640848,1.66153728
-0.82823447,0.31612533
0.93889185,0.08680303
-1.71188756,-0.27499199
0.62465771,1.52061522
-0.14897938,0.83721688
-1.61255669,-0.67636325
-0.50866171,0.45253328
0.01394372,0.87970296
-1.91027415,-0.41943319
0.9666291,0.12742297
0.7162447,-0.57074999
0.43830457,0.97007541
0.07290799,0.92762794
-1.60819242,0.29747893
1.20424418,1.40536817
0.88439498,-1.45534827
0.22675384,-1.69918623
1.79724381,0.54660023
-1.18072611,-1.38901246
0.59245537,1.65962539
0.54788644,-0.8668777
0.50012744,1.68617301
-0.09937088,-1.92358362
0.43066763,0.84975015
0.16752892,1.0247662
-0.70549394,-1.60024904
-0.76373392,0.30454456
-0.49292268,-0.84026324
-0.7191815,1.63579794
-0.49925138,0.8269301
-0.73981301,1.64549401
0.08563332,-0.83895142
-1.00552898,-0.0629801
-0.57351303,0.81097683
1.3061217,-1.37471494
0.47309466,-1.90991898
0.17734185,0.89610587
-0.89641206,-0.34727893
1.44626329,0.91873291
0.59911543,-0.76182693
0.09494841,1.70368898
-0.57139738,1.64458013
0.00279949,1.62904763
-0.6602605,-0.68306591
-0.2142493,0.84828171
-0.33476225,0.84916909
-0.58267203,-1.83073132
1.54586318,-1.10407353
0.16181096,0.75016866
-0.6604609,0.5277135
-0.86285398,0.39736254
0.79541772,0.22444282
-1.72739065,-0.04569403
-0.30987179,-0.80804845
0.54039128,-0.89825101
-1.73402026,0.61731526
0.56834256,0.71285564
-0.99590711,1.51027567
1.75579363,0.00012733
-0.98563978,1.63091963
0.92021836,0.09789335
1.65798076,0.64630025
0.88638525,-0.11224561
-0.13868871,-1.81433859
0.93854196,1.57170391
1.03930665,0.22119898
1.12085039,-1.2105371
-0.6171888,0.59357264
1.60568498,-0.66525228
1.25383393,1.20403741
-0.93176474,0.10876604
-1.07543841,-1.43371403
0.71206712,-0.15140813
0.05850394,0.84897412
1.43004649,-1.05452916
1.76121523,0.29709377
-0.69484991,1.59883297
1.84383328,0.80457972
0.34426015,1.55029756
-1.37793552,-0.92667583
1.79599354,-0.2078676
0.82405068,0.51667648
-0.2764987,-0.97195398
-0.86869801,0.21307761
0.67209838,0.55416812
-1.44086799,1.12711218
-0.5720043,0.73559108
0.09161846,1.85907536
1.69815461,-0.75141475
1.25195284,-1.32681781
0.20058943,-0.95446763
-1.35744993,1.24851557
0.87737886,-0.21518087
-0.22877007,-0.744112,
0.91788143,0.08810864
-0.06361091,-0.87087953
-0.54643221,-0.87022105
-0.09323314,0.84895253
1.33011478,-1.18366103
0.53423159,-0.6726978
0.98220731,0.35645451
-0.29780006,1.63244814
-1.82501505,0.53596112
-1.47946501,1.08468554
-0.33571317,1.73366793
0.80215834,-0.15112363
-1.37124353,1.13523956
-1.8298718,-0.10713838
0.30128573,1.68220014
-1.60379167,-0.64533686
-0.59511016,1.7265745
0.70049629,-1.60240138
1.86540716,0.4071891
-0.65614226,-1.49621273
-0.90184798,0.05947736
1.39353228,0.95178549
1.21419821,1.26744179
-0.78493636,-0.22085445
-1.70944251,-0.21680527
0.63260934,0.67879676
1.84083479,-0.06217276
-1.79931236,0.04189199
-0.92753006,1.37957933
-0.39231204,-0.66325518
-0.34815178,0.77217529
-1.43920098,1.07410112
0.09050038,-0.82553524
0.77173499,-0.56583291
-1.76634044,-0.61548053
0.82339568,-0.37360531
0.10990378,0.86037865
1.75806103,0.59394253
-0.34451475,1.78155132
-0.39574796,-1.6795447
0.39251761,-0.87469964
-1.07982065,-1.56682116
0.42488597,-1.66913794
1.25127551,1.14926747
-0.80196268,-1.56281269
-1.21355719,1.26030388
-0.57781942,-0.59714568
0.51827479,0.58923836
1.43344786,0.98728604
0.06210714,-1.66697221
0.16905948,1.81269419
-0.82486727,0.05975785
0.66870269,-0.70510603
-0.88951749,-1.54733927
1.00890711,1.37900255
-1.34969725,1.05845287
1.52352115,1.10909584
1.57353337,0.65990076
-0.92866229,0.1140535
0.92184158,0.1804319
0.80368324,0.15748921
-0.37279934,-0.6652333
-0.55683527,0.4992979
0.7207501,-0.63509585
-1.73991934,0.71369218
0.36005731,-1.79343212
0.99705024,-1.32189424
0.06102761,-1.69731074
0.43898593,0.78846818
0.63467562,-0.7669219
0.98828311,-0.43886999
-1.77145109,-0.56550247
1.14670896,-1.52455048
0.98241012,0.04539104
0.80599278,-0.34008176
-0.37291683,-0.91787457
-1.29077472,1.26886348
0.15940209,-0.90215898
0.57247865,0.32804087
0.88696507,-1.59150498
-0.66512946,-1.62351319
0.43189591,1.88009445
-1.71215695,0.49282053
0.6609877,-0.53271083
-1.06699195,-1.51381078
1.66294579,0.74195483
1.80478842,-0.15299373
0.86997018,1.54526145
0.99114591,0.09764504
-1.25818439,-1.19134999
-0.27679257,-0.84551562
0.2377105,0.88475197
0.16036297,-0.84978046
-0.03498613,0.71384387
-1.55433119,-0.87402319
0.06359729,1.84283456
0.032075,-1.75820318
-0.53556282,-0.55386907
-1.60824945,-0.70566441
-1.60714047,0.72041459
1.04625275,-1.39144572
1.44544793,-1.13982856
-1.7412189,0.4621199
-1.28899336,-1.08502033
-0.32945263,0.68747025
1.90482029,0.31857658
0.23627533,0.90670665
-0.81775512,0.10149858
-0.8401324,0.14801922
0.77762596,-0.16335971
0.53764874,-0.83482672
-0.67748068,0.55862422
0.6493959,-0.73350763
-1.80213044,0.36428511
-1.31998938,-1.32983998
-1.60808496,0.96182503
0.80634263,0.15716565
0.05124264,-0.94170215
-1.49244467,-0.98900011
0.23981573,1.65559565
1.69354115,-0.79458394
0.84799981,-0.09920538
0.91256203,1.64188665
0.82141278,0.53543939
-0.32020551,-0.70585711
-0.7397802,-0.59269624
0.76607925,0.56527134
1.33022862,1.13711147
0.01684814,0.87769881
-0.66239731,-0.42276982
-1.79323014,0.52931538
-1.6612075,-0.32879301
-0.56195187,-0.65411672
-1.81272002,-0.21553884
-1.76820046,-0.14182475
0.40282961,0.95363523
-0.05114855,-0.94762974
1.06442139,1.56485517
-0.41450455,-0.93203971
-0.86102967,-0.06798368
-0.45203936,1.83979389
-0.17376864,-0.76464497
1.68636432,0.35085313
-0.55793899,-0.51765231
0.95232229,0.07290092
-1.90256187,-0.19545728
-0.96571973,1.43951308
-0.81042554,1.50339139
-0.93454676,0.21115995
1.62446882,0.57175757
0.41656137,-1.69267754
1.31406456,-1.00915048
-0.76165347,-1.53489688
0.54660284,-0.67123863
0.9174686,-0.14228579
-1.0134298,0.09184666
-0.63850038,0.77479603
-0.6570808,-0.60032603
1.09346707,1.48835404
-0.59433476,0.68306933
-1.70531086,-0.04242489
0.387149,0.92948065
0.8719428,-1.55455689
-0.43836039,0.73475401
0.62790754,-1.65059463
-0.05735788,-0.77373149
-0.6537176,0.79893849
0.85370264,-1.54715905
0.81353273,0.44368321
0.30177873,0.75119372
1.50183738,-1.20283157
0.39616894,-1.80882362
-0.7015603,0.61009228
1.83678629,-0.36323021
0.23431555,1.69500088
1.6770979,-1.20601555
-0.82320579,1.58067702
1.56514638,-0.79653092
-0.74932256,0.01751947
-0.66009316,0.44344638
-0.5456964,-0.8313939
0.47623999,0.84943297
1.70323695,-0.56807043
0.86195361,-0.19039295
-1.61551503,0.90800317
0.78535854,1.62228687
0.14972246,-0.94398447
0.42378606,1.7790796
-0.31106411,-0.70511269
0.80377387,-1.71144416
0.60130786,1.77289152
0.82179196,1.55356244
-0.59661154,0.76722019
0.65492761,0.57622822
0.69839401,0.18732424
0.79951188,-1.83603262
0.96439866,-0.21140319
-0.43516372,-0.71053988
-1.63998658,-0.60400149
1.28921335,1.34760069
1.78896852,-0.15733307
-1.75921253,0.47381091
-0.64360549,-0.68118837
0.72382829,0.56878784
0.72508211,0.57144579
0.84485745,0.05221044
-0.13349627,0.99596544
0.01913734,-1.0099179
0.70212468,-0.73948572
0.72695936,-0.39860461
-0.74653312,0.33928582
1.21143795,-1.30072353
1.03154813,1.38257998
0.83249663,0.41299208
-0.29276722,0.87123599
0.66147198,-0.49433436
-1.3233805,-1.13494053
-0.77521987,0.53108659
0.36218685,-1.67423738
-0.743346,0.39466938
-0.80309838,0.36388766
-0.88617364,-1.4590048
1.56135846,-0.67280776
-1.75791184,-0.02634358
-0.22272021,1.07502657
-0.86820439,-0.43660157
-1.56940246,-0.32430941
-1.57493461,-0.56703185
-0.69823851,-0.62429533
0.14557792,1.78111778
1.5925329,-0.85409995
0.65184615,0.40584554
-1.57477702,-0.91634668
0.90878813,-0.10963067
-0.18097261,-0.8261501
1.80477475,-0.2937862
-1.08642053,1.19305023
-0.83092989,0.19303612
-0.9496237,0.00822378
1.06349768,-1.36351328
1.68321478,-0.22326235
-1.1589482,-1.63889157
1.63720277,-0.99204533
1.77286821,0.00531542
-0.08329717,0.99466827
-0.85080852,-0.36848343
-0.81319066,-0.40585613
-1.75691163,0.73985128
1.04278887,1.58103581
-0.34076018,1.61989584
0.59038734,0.5385156
-0.88610731,1.76710364
0.97136214,-0.10474572
-0.64051168,-0.47138762
0.39845014,-0.95380284
-0.9684394,-0.21709963
-0.22386076,-0.77232703
-1.81590789,0.05463163
-0.90143388,1.54893838
1.69696984,-0.21643919
1.75099027,0.47894189
0.70377528,0.69985438
0.41207742,-0.72597007
1.51778803,-0.86495931
-0.95912408,-0.32912835
1.75823738,0.11868353
0.82467016,1.67100139
0.74436363,0.59786655
-1.69151635,0.3675431
-1.32550325,1.10046765
1.65457518,-0.67176435
-0.50916098,0.56926384
-0.14414789,-0.82596712
-1.77333608,0.08354694
-0.49477059,-0.78642149
-0.59429222,1.65262035
-1.68883442,0.51534564
-0.18465905,-0.82443214
0.55580346,-1.86356297
-1.37814837,-1.13742308
1.37691184,0.92771596
-0.15446681,0.76513543
-0.83334599,1.55984824
1.23393367,-1.40215452
0.97988111,1.4311122
0.79285669,-0.15405462
0.69816209,-0.67417015
0.25418413,-1.71112706
0.9113773,1.66166385
-0.50934087,0.88911335
-0.7300673,-0.50914566
0.50258443,0.62952859
1.77305629,-0.59330509
0.81141356,1.55482538
-0.46185012,0.54457736
-0.58177042,-0.61489466
1.75887304,0.13462976
-0.85420692,-1.6224526
0.57170339,0.73168229
-0.07586043,0.67946787
1.09683066,-1.47723459
0.07142423,0.58475915
-0.49053398,-0.61534279
-1.79355944,-0.44636215
0.84637629,-0.19557152
-1.92475511,0.3466382
0.58440991,1.69026088
-1.83563097,0.54076755
-1.60370179,1.05230268
0.1904287,-0.74865862
0.63820257,-1.69636842
-0.82261905,-0.54849841
-1.1783274,1.29817586
-0.2247449,-0.82626917
0.79475469,-0.2804205
-1.01521921,0.34960641
-1.81370633,-0.41932031
-1.25351643,-1.33971576
-0.72524535,-1.59698987
-0.32121587,-1.79337907
-0.39383029,0.77814884
0.0959014,0.83629841
-0.62354048,-0.30165848
-0.09608278,-1.93168538
0.20812929,-0.93506387
-0.63190339,-0.60995997
-0.96950041,-0.0768684
-0.04748151,0.92625523
0.38901655,1.6448385
-1.75414778,0.56436202
1.61792252,0.8083453
-0.83090602,0.12659309
0.64431074,-0.6103882
0.74739877,-0.46110155
-1.44111162,-1.18156572
0.48502455,0.77560216
-0.75578762,-0.45737036
0.19519787,-0.81617271
0.26638378,-0.87471069
-1.60682174,-0.83886394
0.83441455,0.11065957
0.43419767,0.59683015
0.54895504,-0.72907199
0.7652845,0.55004298
-0.60561762,0.68466447
0.49433497,-1.6449063
-0.03481182,0.88952612
-1.70498884,0.38999602
-0.61659778,-0.79427862
-0.52239991,0.55474926
-0.8839341,-0.13010241
-1.30185693,-1.16070071
-0.91967203,-0.15937748
0.64416772,-0.7275251
1.32068092,-1.22232887
0.12062225,-1.66708197
1.02923056,-1.44662312
0.5730477,-1.73588074
0.3801139,0.69542734
-1.33166063,-1.1032551
0.87763777,0.21213399
-1.42422512,1.06439331
-0.08233071,0.83851675
1.78813881,-0.31700248
1.68403772,-0.62675109
0.59239059,0.59169153
-0.25331657,0.99591281
-0.85331333,-0.286577,
-0.66056208,0.43731276
0.43290559,-1.03058643
-1.31014969,-1.04813431
0.31794114,-1.75232366
0.62253013,1.67257381
0.45015132,1.74315171
-0.88258335,0.06801571
0.98311103,-0.17764339
-0.9022241,0.14393355
0.48815223,0.59720142
-0.26839499,0.69534191
-0.44300982,-0.97963941
0.81410815,-1.61298098
0.63966365,-1.66412162
0.4010534,1.72410732
0.96153953,1.3054859
-0.61451664,0.50066427
0.79445877,-1.63586413
-0.41433774,-0.75303634
-1.7483786,0.5821601
-1.1717392,-1.44709827
-0.76155585,-1.5671628
0.51994423,-0.67981576
-0.24292798,-0.88150064
1.26052293,1.31625511
0.92235742,0.48336656
-1.37159119,-0.7583547
-0.93584623,0.16576893
1.78731373,0.56372678
0.53838445,0.75321008
-0.01500866,-0.97150891
-0.11531773,0.80559508
1.53380131,-0.41198954
0.87017102,-0.41401505
0.7864872,-0.44832653
0.85034945,0.12416443
0.40360542,0.78540818
-0.0481488,-1.68958343
0.58796346,-0.46426188
1.42941412,1.00470194
-0.69816682,-1.58839202
-0.90608518,-1.57721075
-1.84836972,0.51500021
-0.61269995,1.74645796
0.63396644,1.66604714
-0.71127762,0.33759191
-0.94814725,-0.2447807
0.93588581,0.42962743
-0.84442277,-1.52940268
0.19616682,-0.93017756
0.27149066,1.89727575
0.8791959,0.4281391
0.25452097,1.61652349
0.00329841,-0.95264229
0.42588718,-0.62139727
0.82599366,1.65334116
-0.02290159,1.71074949
0.81174112,1.54503384
0.47951868,-0.67373023
0.33923616,0.8565217
-0.22118128,1.71697342
-1.41640541,1.19712482
1.72500137,0.5167748
0.7815197,0.17588674
-0.73794144,1.71575315
1.02905389,-1.32187717
1.90759965,0.47874094
-1.03179949,0.2167667
0.7271806,-0.37828169
-0.71004789,0.4191163
0.45017202,0.94206448
-1.56210231,0.60728609
-0.73930109,0.16472569
-0.11197509,1.75523113
-1.67146286,-0.84907876
0.95283591,-0.09746302
0.61712367,0.79247551
1.65762542,-0.36012681
0.17197243,1.0794236
-1.42164055,1.17507464
1.47929834,1.0037588
0.67251486,0.34881256
-0.31714722,-1.76119584
-0.07357206,0.84171968
0.49369851,-0.7899208
0.48394567,-0.81454854
0.45402512,-0.8086239
0.74347087,0.6135727
1.30373141,-1.27492108
-0.51938001,-0.67442384
0.40007043,-0.93886083
0.83566012,-1.5175568
-0.84920147,-0.35919046
-0.26949638,1.72332083
-0.66961213,0.53143873
0.58219513,-0.71942773
0.52344196,-0.63941355
1.74569739,-0.43935209
1.49922308,-0.69713758
-0.55889543,0.58896336
0.70722002,-0.33578804
-0.61822235,1.75113175
-0.42068601,0.75974476
-0.21684499,0.88090376
1.64315408,1.03693951
1.70843136,0.341751,
-0.4914971,1.76877967
0.78156029,0.43625832
1.77007569,-0.21300002
-0.81670442,-0.18857201
1.04578179,1.48172199
0.27433436,1.65972557
0.82503506,-0.51778,
-0.3881799,1.76990051
-1.04436841,1.24190797
1.67250756,0.69353557
0.33761972,-1.66538114
0.13845929,-0.99159885
-0.65451003,-1.64600983
-1.36080911,1.25884636
-1.25049132,-1.31054418
0.78438522,1.46442346
0.9958538,-0.14067081
-0.47395291,-1.07886682
0.08071675,0.86865857
1.55631577,-1.06609871
-1.03419532,-0.09163398
0.37617075,0.7161747
-0.0096137,1.05008022
1.82461728,0.31430233
-0.88156338,0.10583342
0.69957508,1.80774243
0.20001214,0.90472837
-0.88419224,-0.29580908
1.57067622,-0.72847555
0.58675164,0.71760276
0.4277622,0.75091913
0.3909299,-1.67011486
-0.582763,0.60034242
0.73304972,1.61516454
1.70509489,-0.05597356
-0.29597001,-0.79394911
-0.55202806,0.90507039
-1.69607518,0.73360098
0.04455124,1.94182551
-0.50552978,-0.71611328
-1.34372916,-0.96375636
0.71689969,-1.70388586
-0.58254132,0.57376213
-1.41010862,1.1671114
-0.1205959,-0.74044467
-0.61277746,-0.89273035
1.09765146,1.38151373
0.34599613,-0.74255634
1.06923285,-1.60268812
0.03163543,-0.98104166
-1.39008622,1.21911003
-1.11330603,-1.38511426
-1.5049399,-0.91620251
-0.61205979,-0.50874026
-0.85677359,-0.45921908
-1.15649978,1.26733328
0.72160394,0.32052971
-1.05842202,-0.16893345
-0.59207956,-0.48460462
1.74671086,0.38652423
-0.80836182,0.2142004
-1.60525655,0.97784639
0.83991405,0.17572515
1.91906794,0.21592769
0.55518713,0.85354219
-0.89188174,0.41322952
0.98899117,0.99880632
0.78002011,0.28005306
-0.79443158,0.44724874
0.86873702,-0.18817481
-0.7530537,0.3237761
-0.72575368,0.443639,
0.8050473,0.29749429
-0.06617319,-1.87216331
-0.3663179,1.77264622
-0.83887061,-0.42269569
1.71487704,-0.05165425
0.51901078,-1.66188423
0.8175817,1.3010019
1.76968885,-0.19515856
-0.03617353,0.97604808
1.26674975,1.56274843
-1.80654358,-0.1324075
0.84514528,1.65534493
1.86682974,0.29823086
0.69283852,-0.557191,
-0.1974313,-1.89482794
-1.82763548,0.12797939
-1.57229593,0.01709751
-0.07941875,1.6724975
0.15188323,0.84548732
-1.80496025,0.1520786
-0.2754084,0.90730923
-1.63472619,-0.13777054
0.70979726,0.45386696
-0.12764335,-1.04198942
-1.04752266,1.46934157
-0.56469508,-0.76399743
-0.84937973,0.08306812
0.21230102,1.71285841
-0.00931036,-1.12967435
-0.16388962,-1.89822693
-1.74629215,0.00377256
0.18892855,0.95695478
1.61935863,-0.64663345
0.74925514,0.40708344
-0.22927101,0.79380242
-0.42235528,-0.75211754
-1.00391772,-0.26625937
-0.71350243,-0.56299807
0.4458378,0.81593552
-0.12135648,0.84817131
-0.72157077,-0.15947004
0.75448756,-0.3477472
-0.90630902,0.42338623
-0.08875625,0.88463654
1.02430973,0.28843586
-1.71090155,0.61917994
-0.18456401,1.76025771
1.30738535,1.17054167
0.90320395,-1.51369052
0.24255897,0.77380737
0.75697748,-1.82673633
-1.77522811,-0.12935631
1.2804005,1.22689306
-0.85028427,-0.02364996
-1.66692355,-0.92814495
0.90550276,0.17924272
-0.95932696,-0.10877559
-1.33916944,1.14848527
1.55696581,0.71273571
0.24865058,-1.03305387
-0.91790547,1.48311319
0.38643292,0.92790938
0.94419246,-0.37680033
-0.89022061,0.45227695
-1.7179255,-0.35366082
-1.7816037,0.69329493
-1.18967245,1.42093021
0.85637431,0.0029709
-0.87769194,0.28816378
0.74808135,-0.57909741
0.91720215,1.5760597
0.69602643,0.4027712
1.62476464,0.40115751
-0.57335599,-0.39830849
0.34927198,0.81358571
-0.84434694,-1.73479473
1.46119449,-0.98512102
0.53576861,1.82879035
-0.85012368,1.36987598
1.70209207,-0.52703294
-0.28032795,-1.71448866
-0.12993342,-1.83768317
1.0099867,-1.55597359
1.72977774,-0.7421408
-0.28304245,-0.83773943
-0.06408125,-1.01103278
-1.55288565,-0.70095224
0.21530323,0.86365637
-0.89214947,-0.23762048
1.28311475,-1.20225135
0.864141,0.36008765
0.90011553,-0.16445038
-0.67995336,-0.62102233
1.15030943,1.34635907
0.58073579,0.79333888
-1.27367139,-1.11795691
0.77247321,-0.39196441
0.9089435,-0.00478401
-0.25141905,0.82097274
0.99043656,1.48605379
0.68360839,0.32433286
1.5303161,1.11659906
0.54729495,0.56242571
-0.28137179,-1.76690906
0.48482492,0.57453421
0.08092673,1.9025172
1.3266918,1.07943647
-0.13637988,-1.74418117
1.6025645,-0.60659884
-1.56987933,0.87268582
0.64449989,-0.61306481
0.42130828,-1.58484158
-0.74884731,0.13775715
0.55418054,-1.67096898
-1.21516233,1.41615827
-0.42737853,0.77651397
0.39691082,-0.72226689
0.84495189,0.06222149
0.72593986,0.49071612
-0.61711055,-0.63834488
0.03029209,-1.68694721
1.6320376,-1.06842677

