16/12/2006,18:23:00,2.926,0,235.68,12.4,0,1,17,59
17/12/2006,18:23:00,3.612,0.136,235.45,15.2,0,0,17,1499
18/12/2006,18:23:00,2.442,0,236.13,10.2,0,0,17,2939
19/12/2006,18:23:00,2.068,0.388,237.15,9,0,2,17,4379
20/12/2006,18:23:00,2.766,0.256,239.38,12.2,0,1,5,5819
21/12/2006,18:23:00,2.348,0.056,233.41,10,0,0,17,7259
22/12/2006,18:23:00,3.786,0.56,237.58,16.6,0,2,0,8699
23/12/2006,18:23:00,4.192,0.16,236.62,17.6,0,0,17,10139
24/12/2006,18:23:00,0.5,0.12,240.94,2,0,0,0,11579
25/12/2006,18:23:00,1.464,0.154,242.37,6,0,0,0,13019
26/12/2006,18:23:00,3.366,0.22,239.51,14,0,0,17,14459
27/12/2006,18:23:00,2.186,0.1,237.12,9.2,0,0,0,15899
28/12/2006,18:23:00,2.78,0.286,237.37,12,0,0,17,17339
29/12/2006,18:23:00,1.426,0.122,234.44,6,0,0,0,18779
30/12/2006,18:23:00,4.082,0.596,232.3,17.6,0,0,16,20219
31/12/2006,18:23:00,2.386,0.088,231.97,10.2,0,0,0,21659
1/1/2007,18:23:00,1.51,0.134,239.24,6.2,0,0,18,23099
2/1/2007,18:23:00,1.568,0.048,237.86,6.6,0,1,17,24539
3/1/2007,18:23:00,0.25,0.058,242.28,1.2,0,0,0,25979
4/1/2007,18:23:00,2.902,0.272,236.21,12.2,0,5,17,27419
5/1/2007,18:23:00,2.682,0.218,233.7,11.4,0,0,17,28859
6/1/2007,18:23:00,0.898,0.138,236.78,3.8,0,0,0,30299
7/1/2007,18:23:00,5.202,0.438,230.41,22.6,0,37,16,31739
8/1/2007,18:23:00,1.576,0.132,236.49,6.6,0,0,17,33179
9/1/2007,18:23:00,2.244,0.176,239.16,9.4,0,0,17,34619
10/1/2007,18:23:00,3.584,0.412,239.26,15,0,2,17,36059
11/1/2007,18:23:00,4.02,0.374,234.8,17.4,0,0,17,37499
12/1/2007,18:23:00,2.734,0.122,238.34,11.4,0,0,18,38939
13/1/2007,18:23:00,1.808,0.278,237.98,7.6,0,0,0,40379
14/1/2007,18:23:00,3.092,0.058,235.03,13,0,0,17,41819
15/1/2007,18:23:00,2.654,0.126,238.22,11,0,0,17,43259
16/1/2007,18:23:00,3.496,0.166,235.42,15,0,0,17,44699
17/1/2007,18:23:00,1.916,0.112,239.45,8,0,0,0,46139
18/1/2007,18:23:00,3.146,0.218,236.05,13.2,0,0,17,47579
19/1/2007,18:23:00,0.22,0,238.85,1,0,0,0,49019
20/1/2007,18:23:00,3.368,0.052,230.68,14.6,0,0,16,50459
21/1/2007,18:23:00,2.964,0.336,234.76,12.6,0,4,16,51899
22/1/2007,18:23:00,1.214,0.13,239.25,5.2,0,0,0,53339
23/1/2007,18:23:00,2.022,0,242.3,8.2,0,0,0,54779
24/1/2007,18:23:00,2.036,0.09,235.72,8.6,0,2,0,56219
25/1/2007,18:23:00,2.204,0.142,241.17,9,1,0,18,57659
26/1/2007,18:23:00,0.376,0,240.68,1.6,0,0,0,59099
27/1/2007,18:23:00,1.55,0,235.94,6.6,0,0,17,60539
28/1/2007,18:23:00,3.388,0.244,235.29,14.4,0,0,17,61979
29/1/2007,18:23:00,1.996,0,235.18,8.4,0,0,17,63419
30/1/2007,18:23:00,2.738,0.154,237.18,11.4,0,0,17,64859
31/1/2007,18:23:00,3.088,0.276,236.1,13,0,1,17,66299
1/2/2007,18:23:00,2.558,0.316,237.5,10.8,0,2,17,67739
2/2/2007,18:23:00,2.074,0.228,239.46,8.8,0,0,18,69179
3/2/2007,18:23:00,3.758,0.344,233.76,16,0,1,16,70619
4/2/2007,18:23:00,2.154,0.108,237.47,9,0,0,17,72059
5/2/2007,18:23:00,0.59,0.202,239.02,2.6,0,1,0,73499
6/2/2007,18:23:00,0.698,0.25,242.23,3,0,0,0,74939
7/2/2007,18:23:00,2.188,0,236.33,9.2,0,0,0,76379
8/2/2007,18:23:00,1.73,0.216,238.24,7.2,0,1,18,77819
9/2/2007,18:23:00,0.44,0.222,237.69,2,0,0,0,79259
10/2/2007,18:23:00,3.96,0.346,235.9,17,0,2,17,80699
11/2/2007,18:23:00,2.392,0,234.83,10.2,0,0,17,82139
12/2/2007,18:23:00,1.266,0.166,238.22,5.2,0,0,0,83579
13/2/2007,18:23:00,3.046,0.208,235.34,13,0,0,17,85019
14/2/2007,18:23:00,2.3,0,235.59,9.6,0,0,0,86459
15/2/2007,18:23:00,0.318,0,235.97,1.4,0,0,0,87899
16/2/2007,18:23:00,0.434,0.11,236.86,2,0,0,0,89339
17/2/2007,18:23:00,0.362,0.066,237.15,1.8,0,0,0,90779
18/2/2007,18:23:00,3.284,0.288,233.98,14.8,19,0,0,92219
19/2/2007,18:23:00,2.896,0.16,235.45,12.2,0,1,17,93659
20/2/2007,18:23:00,0.282,0,238.88,1.2,0,0,0,95099
21/2/2007,18:23:00,1.298,0.09,239.31,5.4,0,1,0,96539
22/2/2007,18:23:00,1.228,0.208,237.36,5.2,0,0,0,97979
23/2/2007,18:23:00,0.236,0,241.68,1,0,0,0,99419
24/2/2007,18:23:00,0.29,0.092,235.14,1.2,0,2,0,100859
25/2/2007,18:23:00,0.224,0,240.53,1,0,0,0,102299
26/2/2007,18:23:00,0.22,0,243.41,0.8,0,0,0,103739
27/2/2007,18:23:00,0.224,0,244.9,1,0,0,0,105179
28/2/2007,18:23:00,1.388,0.118,241.6,5.6,0,0,17,106619
1/3/2007,18:23:00,0.214,0,239.41,0.8,0,0,0,108059
2/3/2007,18:23:00,0.212,0,238.1,0.8,0,0,0,109499
3/3/2007,18:23:00,0.326,0.118,239.69,1.4,0,0,0,110939
4/3/2007,18:23:00,4.434,0.17,235.92,18.8,0,33,17,112379
5/3/2007,18:23:00,3.596,0.58,237.28,15.4,0,29,0,113819
6/3/2007,18:23:00,0.676,0.194,237.62,2.8,0,2,0,115259
7/3/2007,18:23:00,0.342,0.102,240.62,1.4,0,0,0,116699
8/3/2007,18:23:00,0.382,0.082,242.2,1.6,0,0,0,118139
9/3/2007,18:23:00,0.284,0,240.68,1.2,0,0,0,119579
10/3/2007,18:23:00,0.55,0.202,241.34,2.4,0,1,0,121019
11/3/2007,18:23:00,1.842,0.052,240.11,7.6,0,2,18,122459
12/3/2007,18:23:00,1.506,0.192,238.56,6.4,0,0,17,123899
13/3/2007,18:23:00,1.366,0,240.91,5.6,0,0,18,125339
14/3/2007,18:23:00,0.33,0.114,239.22,1.4,0,0,0,126779
15/3/2007,18:23:00,1.864,0.382,239.76,7.8,0,1,18,128219
16/3/2007,18:23:00,3.062,0.162,233.8,13,0,0,17,129659
17/3/2007,18:23:00,2.01,0.084,237.12,8.4,0,0,17,131099
18/3/2007,18:23:00,4.732,0.458,236.66,20.2,0,39,17,132539
19/3/2007,18:23:00,1.408,0.08,236.81,6,0,0,17,133979
20/3/2007,18:23:00,0.448,0.214,240.13,2,0,0,0,135419
21/3/2007,18:23:00,0.858,0.124,240.44,4,0,9,0,136859
22/3/2007,18:23:00,0.294,0.09,243.01,1.2,0,0,0,138299
23/3/2007,18:23:00,1.346,0,241.31,5.6,0,0,17,139739
24/3/2007,18:23:00,2.776,0.072,239.42,11.6,0,0,18,141179
25/3/2007,18:23:00,0.324,0.108,241.7,1.4,0,1,0,142619
26/3/2007,18:23:00,0.394,0.132,239.36,1.8,0,0,0,144059
27/3/2007,18:23:00,0.342,0.076,238.91,1.6,0,0,0,145499
28/3/2007,18:23:00,0.444,0.15,241.41,2,0,0,0,146939
29/3/2007,18:23:00,1.536,0.156,240.14,6.4,0,0,18,148379
30/3/2007,18:23:00,0.294,0,244.71,1.2,0,0,0,149819
31/3/2007,18:23:00,5.116,0,236.33,21.6,0,36,18,151259
1/4/2007,18:23:00,1.87,0.588,236.77,8.2,1,2,17,152699
2/4/2007,18:23:00,0.276,0.076,240.19,1.2,0,0,0,154139
3/4/2007,18:23:00,0.286,0,242.04,1.2,0,0,0,155579
4/4/2007,18:23:00,1.884,0.216,239.9,7.8,0,1,18,157019
5/4/2007,18:23:00,0.468,0.294,243.86,2.2,0,0,0,158459
6/4/2007,18:23:00,3.048,0,238.48,13.2,0,29,17,159899
7/4/2007,18:23:00,0.468,0.238,240.2,2.2,0,1,0,161339
8/4/2007,18:23:00,0.29,0.11,241.45,1.2,0,1,0,162779
9/4/2007,18:23:00,1.452,0.226,240.2,6,0,1,18,164219
10/4/2007,18:23:00,0.574,0.21,240.58,2.8,0,0,0,165659
11/4/2007,18:23:00,0.402,0.244,241.61,1.8,0,1,0,167099
12/4/2007,18:23:00,0.38,0.234,239.56,1.8,0,1,0,168539
13/4/2007,18:23:00,0.454,0.332,238.91,2.2,0,1,0,169979
14/4/2007,18:23:00,0.216,0,240.09,0.8,0,0,0,171419
15/4/2007,18:23:00,0.316,0.248,238.24,1.6,0,1,0,172859
16/4/2007,18:23:00,1.364,0.218,240.42,5.6,0,0,18,174299
17/4/2007,18:23:00,0.162,0,241.24,0.6,0,0,0,175739
18/4/2007,18:23:00,0.304,0.114,243.44,1.4,0,2,0,177179
19/4/2007,18:23:00,0.236,0,242.19,1,0,1,0,178619
20/4/2007,18:23:00,0.302,0.1,238.91,1.4,0,2,0,180059
21/4/2007,18:23:00,1.316,0.258,236.33,7.4,13,0,0,181499
22/4/2007,18:23:00,0.684,0.222,242.57,3.2,0,1,0,182939
23/4/2007,18:23:00,0.106,0,234.41,0.6,0,0,0,184379
24/4/2007,18:23:00,1.332,0.172,233.67,5.6,0,0,16,185819
25/4/2007,18:23:00,0.12,0,236.92,0.6,0,0,0,187259
26/4/2007,18:23:00,1.132,0,234.34,4.8,0,0,17,188699
27/4/2007,18:23:00,0.368,0,237.82,1.6,0,0,0,190139
30/4/2007,18:23:00,0.274,0.05,234.86,1.2,0,0,0,194459
1/5/2007,18:23:00,0.47,0.052,233.03,2.2,0,1,0,195899
2/5/2007,18:23:00,0.26,0.084,234.61,1.2,0,0,0,197339
3/5/2007,18:23:00,0.332,0.198,237.14,1.6,0,0,0,198779
4/5/2007,18:23:00,0.276,0.104,233.87,1.2,0,0,0,200219
5/5/2007,18:23:00,1.3,0.064,232.73,5.6,0,0,16,201659
6/5/2007,18:23:00,1.472,0.176,234.88,6.2,0,1,17,203099
7/5/2007,18:23:00,1.614,0.192,232.88,6.8,0,2,16,204539
8/5/2007,18:23:00,0.882,0.218,235.22,3.8,0,0,0,205979
9/5/2007,18:23:00,0.246,0.126,237,1.2,0,0,0,207419
10/5/2007,18:23:00,0.29,0.114,235.88,1.4,0,0,0,208859
11/5/2007,18:23:00,1.272,0.072,235.81,5.4,0,0,17,210299
12/5/2007,18:23:00,0.418,0.228,235.18,2,0,1,0,211739
13/5/2007,18:23:00,0.664,0.318,236.36,3,0,0,0,213179
14/5/2007,18:23:00,1.524,0.37,234.76,6.6,0,2,17,214619
15/5/2007,18:23:00,0.346,0.064,236.13,1.6,0,0,0,216059
16/5/2007,18:23:00,0.934,0,236.07,5,0,6,0,217499
17/5/2007,18:23:00,0.322,0,235.67,1.4,0,0,0,218939
18/5/2007,18:23:00,0.35,0.076,234.94,1.6,0,0,0,220379
19/5/2007,18:23:00,1.46,0.156,233.06,6.2,0,0,17,221819
20/5/2007,18:23:00,1.106,0.326,235.22,4.8,1,1,0,223259
21/5/2007,18:23:00,0.33,0.1,237.01,1.6,0,0,0,224699
22/5/2007,18:23:00,0.204,0.05,235.42,0.8,0,0,0,226139
23/5/2007,18:23:00,0.294,0.068,237.68,1.2,0,1,0,227579
24/5/2007,18:23:00,0.374,0.192,237.71,1.8,0,1,0,229019
25/5/2007,18:23:00,1.378,0.07,233.35,5.8,0,0,16,230459
26/5/2007,18:23:00,0.342,0.066,238.05,1.4,0,0,0,231899
27/5/2007,18:23:00,2.086,0.448,233.08,9,0,1,17,233339
28/5/2007,18:23:00,1.674,0.198,234.72,7,1,0,17,234779
29/5/2007,18:23:00,0.22,0,237.14,1,0,0,0,236219
30/5/2007,18:23:00,0.298,0,237.5,1.4,0,1,0,237659
31/5/2007,18:23:00,1.268,0.066,233.19,5.4,0,0,16,239099
1/6/2007,18:23:00,0.378,0.096,236.54,1.6,0,0,0,240539
2/6/2007,18:23:00,1.66,0.324,233.26,7.2,1,1,17,241979
3/6/2007,18:23:00,1.628,0,232.82,7.2,0,0,17,243419
4/6/2007,18:23:00,0.19,0,237,0.8,0,0,0,244859
5/6/2007,18:23:00,0.192,0,236.58,0.8,0,0,0,246299
6/6/2007,18:23:00,0.36,0.066,237.14,1.4,0,0,0,247739
7/6/2007,18:23:00,0.76,0,236.04,3.2,0,0,0,249179
8/6/2007,18:23:00,1.518,0,241.19,6.2,1,0,18,250619
10/6/2007,18:23:00,0.14,0.058,242.59,0.6,0,0,0,253499
11/6/2007,18:23:00,0.35,0.226,240.27,1.8,0,0,0,254939
12/6/2007,18:23:00,2.938,0.318,237.45,12.4,38,0,0,256379
13/6/2007,18:23:00,0.268,0.25,240.26,1.4,0,2,0,257819
14/6/2007,18:23:00,1.244,0,241.08,5.2,0,0,18,259259
15/6/2007,18:23:00,1.376,0.248,239.94,5.8,0,1,17,260699
16/6/2007,18:23:00,2.408,0.324,238.96,10,1,1,18,262139
17/6/2007,18:23:00,3.556,0.054,237.99,14.8,0,4,17,263579
18/6/2007,18:23:00,0.352,0.354,239.26,2,0,1,0,265019
19/6/2007,18:23:00,0.566,0.142,240.3,2.4,0,0,0,266459
20/6/2007,18:23:00,0.214,0.144,243.94,1,0,0,0,267899
21/6/2007,18:23:00,1.312,0.2,239.1,5.4,0,1,17,269339
22/6/2007,18:23:00,0.224,0.13,240.79,1,0,0,0,270779
23/6/2007,18:23:00,1.274,0.072,238.82,5.2,0,0,17,272219
24/6/2007,18:23:00,0.292,0.148,242.25,1.4,0,0,0,273659
25/6/2007,18:23:00,1.308,0.088,241.9,5.4,0,0,18,275099
26/6/2007,18:23:00,1.418,0.216,241.46,5.8,0,0,19,276539
27/6/2007,18:23:00,0.334,0.21,242.86,1.6,0,1,0,277979
28/6/2007,18:23:00,1.808,0.438,240.13,8,0,22,0,279419
29/6/2007,18:23:00,2.372,0.068,239.44,10,39,0,0,280859
30/6/2007,18:23:00,1.406,0.05,240.65,5.8,0,0,17,282299
1/7/2007,18:23:00,1.104,0.748,237.96,6,0,0,0,283739
2/7/2007,18:23:00,0.194,0.062,240.74,0.8,0,0,0,285179
3/7/2007,18:23:00,0.242,0.08,241.16,1.2,0,1,0,286619
4/7/2007,18:23:00,0.25,0.122,243.21,1.2,0,0,0,288059
5/7/2007,18:23:00,0.198,0.106,242.17,1,0,1,0,289499
6/7/2007,18:23:00,1.388,0.104,240.58,5.8,0,0,17,290939
7/7/2007,18:23:00,0.374,0.254,241.67,1.8,2,2,0,292379
8/7/2007,18:23:00,1.362,0.242,238.55,6,0,12,0,293819
9/7/2007,18:23:00,0.52,0.214,242.72,2.4,0,1,0,295259
10/7/2007,18:23:00,0.228,0.12,240.66,1,0,0,0,296699
11/7/2007,18:23:00,0.296,0.234,240.23,1.6,0,2,0,298139
12/7/2007,18:23:00,0.306,0.242,240.86,1.6,0,2,0,299579
13/7/2007,18:23:00,0.396,0.098,240.8,2,0,2,0,301019
14/7/2007,18:23:00,0.81,0.214,240.94,3.4,0,0,0,302459
16/7/2007,18:23:00,0.432,0.074,236.38,2,0,1,0,305339
17/7/2007,18:23:00,0.228,0.106,236.23,1,0,0,0,306779
18/7/2007,18:23:00,0.242,0.108,230.51,1.2,0,0,0,308219
19/7/2007,18:23:00,1.4,0.046,234.15,6,0,0,17,309659
20/7/2007,18:23:00,3.92,0.7,229.84,17.4,0,28,0,311099
21/7/2007,18:23:00,1.374,0.308,232.29,6.4,0,0,0,312539
22/7/2007,18:23:00,0.262,0,236.49,1.2,0,0,0,313979
23/7/2007,18:23:00,0.522,0.196,236.57,2.4,0,0,0,315419
24/7/2007,18:23:00,0.188,0,234.81,1,0,0,0,316859
25/7/2007,18:23:00,0.272,0.082,235.79,1.2,0,0,0,318299
26/7/2007,18:23:00,0.41,0.098,235.32,2,0,0,0,319739
27/7/2007,18:23:00,0.752,0,237.59,3.2,0,0,0,321179
28/7/2007,18:23:00,0.414,0.196,235.55,1.8,0,1,0,322619
29/7/2007,18:23:00,0.178,0.088,234.86,0.8,0,0,0,324059
30/7/2007,18:23:00,1.176,0,233.86,5,0,0,17,325499
31/7/2007,18:23:00,0.808,0.388,235.06,3.8,0,0,0,326939
1/8/2007,18:23:00,0.102,0,235.56,0.4,0,0,0,328379
2/8/2007,18:23:00,0.198,0.126,236.56,1,0,0,0,329819
3/8/2007,18:23:00,0.304,0.226,236.81,1.6,0,0,0,331259
4/8/2007,18:23:00,0.35,0.122,236.18,1.6,0,0,0,332699
5/8/2007,18:23:00,0.104,0,237.49,0.4,0,0,0,334139
6/8/2007,18:23:00,0.138,0,236.85,0.6,0,0,0,335579
7/8/2007,18:23:00,0.824,0.086,235.99,3.4,0,0,0,337019
8/8/2007,18:23:00,0.242,0.118,235.71,1,0,0,0,338459
9/8/2007,18:23:00,0.282,0.22,235.74,1.4,0,0,0,339899
10/8/2007,18:23:00,0.21,0.116,235.83,1,0,0,0,341339
11/8/2007,18:23:00,0.18,0.094,236.35,0.8,0,0,0,342779
12/8/2007,18:23:00,0.208,0.12,236.01,1,0,0,0,344219
13/8/2007,18:23:00,0.102,0,235.51,0.4,0,0,0,345659
14/8/2007,18:23:00,0.308,0.236,239.11,1.6,0,0,0,347099
15/8/2007,18:23:00,0.204,0.15,243.57,1,0,0,0,348539
16/8/2007,18:23:00,0.204,0.138,240.4,1,0,0,0,349979
17/8/2007,18:23:00,0.104,0,241.66,0.4,0,0,0,351419
18/8/2007,18:23:00,0.286,0.238,241.53,1.4,0,0,0,352859
19/8/2007,18:23:00,3.174,0,238.02,13.4,0,35,17,354299
20/8/2007,18:23:00,0.28,0.248,241.56,1.4,0,0,0,355739
21/8/2007,18:23:00,1.22,0.086,238.03,5,0,0,18,357179
22/8/2007,18:23:00,2.736,0.326,240.73,11.4,39,0,0,358619
23/8/2007,18:23:00,0.208,0,241.55,1,0,0,0,360059
25/8/2007,18:23:00,2.516,0.278,235.45,10.6,38,2,0,362939
26/8/2007,18:23:00,0.902,0.206,237.88,3.8,0,2,0,364379
27/8/2007,18:23:00,0.254,0.214,239.91,1.4,0,2,0,365819
28/8/2007,18:23:00,0.352,0.226,240.05,1.8,0,0,0,367259
29/8/2007,18:23:00,0.226,0.134,242.04,1,0,0,0,368699
30/8/2007,18:23:00,0.4,0.09,240.48,1.8,0,0,0,370139
31/8/2007,18:23:00,0.942,0,242.58,6.6,0,0,0,371579
1/9/2007,18:23:00,1.602,0.208,240.11,6.6,0,2,18,373019
2/9/2007,18:23:00,3.032,0.294,235.11,13.6,0,2,17,374459
3/9/2007,18:23:00,0.214,0.12,238.73,1,0,0,0,375899
4/9/2007,18:23:00,1.444,0.11,239.35,6,0,2,17,377339
5/9/2007,18:23:00,1.37,0.216,239.84,5.8,0,1,17,378779
6/9/2007,18:23:00,0.774,0.084,238.02,3.8,0,0,11,380219
7/9/2007,18:23:00,0.218,0.132,241.75,1,0,0,0,381659
8/9/2007,18:23:00,1.344,0.07,237.47,5.8,0,0,18,383099
9/9/2007,18:23:00,0.854,0.116,240.15,3.8,0,0,0,384539
10/9/2007,18:23:00,0.352,0.248,241.15,1.8,0,1,0,385979
11/9/2007,18:23:00,0.284,0.128,241.89,1.4,0,0,0,387419
12/9/2007,18:23:00,0.288,0.222,239.54,1.4,0,0,0,388859
13/9/2007,18:23:00,0.73,0.096,237.74,3,0,0,0,390299
14/9/2007,18:23:00,0.292,0.248,240.91,1.6,0,1,0,391739
15/9/2007,18:23:00,0.266,0.118,241.52,1.2,0,0,0,393179
16/9/2007,18:23:00,0.904,0.082,237.92,3.8,0,1,0,394619
17/9/2007,18:23:00,0.198,0.09,238.91,0.8,0,2,0,396059
18/9/2007,18:23:00,1.432,0.222,236.39,6,0,1,17,397499
19/9/2007,18:23:00,1.49,0.078,240.37,6.2,0,0,17,398939
20/9/2007,18:23:00,0.206,0.102,239.95,1,0,0,0,400379
21/9/2007,18:23:00,0.206,0.104,240.33,1,0,0,0,401819
22/9/2007,18:23:00,0.44,0.14,238.46,2,0,1,0,403259
23/9/2007,18:23:00,0.464,0.212,240.64,2.2,0,1,0,404699
24/9/2007,18:23:00,0.194,0.092,238.94,1,0,1,0,406139
25/9/2007,18:23:00,0.604,0,237.76,2.4,0,0,0,407579
26/9/2007,18:23:00,0.648,0,238.85,2.6,0,0,0,409019
27/9/2007,18:23:00,0.202,0,240.33,0.8,0,0,0,410459
28/9/2007,18:23:00,0.57,0.356,239.31,2.8,0,0,0,411899
29/9/2007,18:23:00,2.804,0.398,238.21,11.8,39,1,0,413339
30/9/2007,18:23:00,0.552,0.06,239.53,2.4,0,0,0,414779
1/10/2007,18:23:00,1.52,0.18,237.34,6.4,0,2,18,416219
2/10/2007,18:23:00,1.892,0.068,237.11,8.2,0,28,0,417659
3/10/2007,18:23:00,1.632,0.316,237.92,7,0,1,17,419099
4/10/2007,18:23:00,0.35,0.058,239.82,1.4,0,1,0,420539
5/10/2007,18:23:00,0.246,0.048,240.52,1,0,0,0,421979
6/10/2007,18:23:00,2.032,0.596,237.94,8.8,1,0,18,423419
7/10/2007,18:23:00,0.516,0.17,236.45,2.2,0,0,0,424859
8/10/2007,18:23:00,0.318,0.092,238.48,1.4,0,0,0,426299
9/10/2007,18:23:00,1.476,0.126,237.52,6.2,0,0,17,427739
10/10/2007,18:23:00,0.402,0.222,240.88,1.8,0,1,0,429179
11/10/2007,18:23:00,0.312,0.088,237.92,1.4,0,0,0,430619
12/10/2007,18:23:00,0.264,0,240.31,1.2,0,0,0,432059
13/10/2007,18:23:00,0.58,0.098,240.1,2.4,0,1,0,433499
14/10/2007,18:23:00,1.436,0.052,237.78,6,0,0,17,434939
15/10/2007,18:23:00,0.292,0,239.19,1.2,0,0,0,436379
16/10/2007,18:23:00,0.324,0.162,239.89,1.4,0,0,0,437819
17/10/2007,18:23:00,0.22,0,240.51,1,0,0,0,439259
18/10/2007,18:23:00,0.264,0,237.8,1.2,0,1,0,440699
19/10/2007,18:23:00,0.832,0,239.86,3.4,0,0,0,442139
20/10/2007,18:23:00,1.464,0.068,238.82,6,0,0,17,443579
21/10/2007,18:23:00,0.772,0.302,241.5,3.4,0,1,0,445019
22/10/2007,18:23:00,0.448,0.236,241.7,2,0,1,0,446459
23/10/2007,18:23:00,1.5,0.12,237.22,6.2,0,2,17,447899
24/10/2007,18:23:00,1.588,0.232,238.58,6.8,0,2,0,449339
25/10/2007,18:23:00,0.812,0.336,241.69,3.6,0,1,0,450779
26/10/2007,18:23:00,0.746,0.052,240.93,3.2,0,0,0,452219
27/10/2007,18:23:00,0.284,0.086,237.66,1.2,0,1,0,453659
28/10/2007,18:23:00,0.374,0,238.39,1.6,0,0,0,455099
29/10/2007,18:23:00,0.286,0.088,239.93,1.2,0,2,0,456539
30/10/2007,18:23:00,0.284,0.084,237.86,1.2,0,2,0,457979
31/10/2007,18:23:00,1.448,0,236.76,6,0,3,17,459419
1/11/2007,18:23:00,1.346,0.08,239.69,5.6,0,1,18,460859
2/11/2007,18:23:00,1.352,0.086,238.08,5.6,0,0,18,462299
3/11/2007,18:23:00,0.196,0,236.67,0.8,0,0,0,463739
4/11/2007,18:23:00,5.142,0.084,232.84,22,0,35,17,465179
5/11/2007,18:23:00,2.122,0.05,235.46,9,0,0,0,466619
6/11/2007,18:23:00,1.654,0.236,239.78,7,0,0,0,468059
7/11/2007,18:23:00,1.71,0.232,236.07,7.2,0,0,0,469499
8/11/2007,18:23:00,1.628,0,238.34,6.8,0,0,0,470939
9/11/2007,18:23:00,2.706,0.056,236.07,11.4,0,1,18,472379
10/11/2007,18:23:00,3.896,0.422,235.53,17.2,8,0,17,473819
11/11/2007,18:23:00,0.924,0.05,239.32,3.8,0,0,0,475259
12/11/2007,18:23:00,0.728,0.178,236.34,3.2,0,0,0,476699
13/11/2007,18:23:00,3.632,0.248,239.94,15,0,1,18,478139
14/11/2007,18:23:00,2.504,0.108,235.21,10.6,0,0,0,479579
15/11/2007,18:23:00,0.446,0.062,236.26,2,0,0,0,481019
16/11/2007,18:23:00,2.528,0,237.06,10.6,0,0,17,482459
17/11/2007,18:23:00,5.792,0.276,231.42,25,0,35,16,483899
18/11/2007,18:23:00,1.686,0.138,236.69,7,0,0,0,485339
19/11/2007,18:23:00,1.584,0.046,239.16,6.6,0,0,0,486779
20/11/2007,18:23:00,1.458,0.14,238.51,6.2,0,2,0,488219
21/11/2007,18:23:00,2.492,0,236.22,10.6,0,0,0,489659
22/11/2007,18:23:00,2.344,0.14,237.96,9.8,0,0,0,491099
23/11/2007,18:23:00,0.696,0.096,239.84,2.8,0,1,0,492539
24/11/2007,18:23:00,1.354,0.058,240.01,5.6,0,0,18,493979
25/11/2007,18:23:00,1.238,0,240.55,5,0,0,0,495419
26/11/2007,18:23:00,0.56,0.05,237.66,2.4,0,0,0,496859
27/11/2007,18:23:00,2.308,0.066,241.57,9.4,0,0,0,498299
28/11/2007,18:23:00,1.638,0.07,242.04,6.6,0,0,0,499739
29/11/2007,18:23:00,0.606,0.084,240.45,2.4,0,0,0,501179
30/11/2007,18:23:00,1.492,0.264,241.35,6.2,0,2,0,502619
1/12/2007,18:23:00,3.074,0.43,235.08,13.2,1,0,17,504059
2/12/2007,18:23:00,2.37,0.282,237.81,10,0,4,0,505499
3/12/2007,18:23:00,1.474,0.228,237.72,6.2,0,1,0,506939
4/12/2007,18:23:00,1.206,0,237.25,5,0,0,0,508379
5/12/2007,18:23:00,2.07,0.288,239.74,8.8,0,2,0,509819
6/12/2007,18:23:00,1.882,0,234.89,8,0,0,0,511259
7/12/2007,18:23:00,1.074,0.21,236.71,4.6,0,0,0,512699
8/12/2007,18:23:00,4.688,0.062,233.03,20,0,0,17,514139
9/12/2007,18:23:00,3.582,0.274,233.19,15.4,0,1,16,515579
10/12/2007,18:23:00,3.37,0.08,235.66,14.2,0,0,17,517019
11/12/2007,18:23:00,1.83,0.092,236.75,7.8,0,0,0,518459
12/12/2007,18:23:00,2.106,0.09,237.14,8.8,0,0,0,519899
13/12/2007,18:23:00,1.566,0.108,238.76,6.6,0,0,0,521339
14/12/2007,18:23:00,1.468,0.182,235.21,6.2,0,1,0,522779
15/12/2007,18:23:00,3.298,0.224,236.81,13.8,0,2,17,524219
16/12/2007,18:23:00,2.572,0.076,238.74,10.6,0,0,17,525659
17/12/2007,18:23:00,1.94,0.116,239.85,8,0,0,0,527099
18/12/2007,18:23:00,2.612,0.28,240.08,11,0,0,0,528539
19/12/2007,18:23:00,2.23,0,240.94,9.2,0,1,0,529979
20/12/2007,18:23:00,2.448,0.046,240.7,10,0,0,17,531419
21/12/2007,18:23:00,2.734,0,236.92,11.4,0,0,0,532859
22/12/2007,18:23:00,1.384,0,237.9,5.8,0,0,0,534299
23/12/2007,18:23:00,3.122,0.128,234.85,13.2,0,0,0,535739
24/12/2007,18:23:00,1.472,0.062,238.95,6.2,0,0,17,537179
25/12/2007,18:23:00,1.616,0.102,240.35,6.8,0,0,0,538619
26/12/2007,18:23:00,3.042,0.362,235.82,13,0,0,17,540059
27/12/2007,18:23:00,2.896,0.324,239.67,12.2,0,0,0,541499
28/12/2007,18:23:00,2.99,0.234,240.79,12.6,0,18,18,542939
29/12/2007,18:23:00,2.748,0.228,236.66,11.6,0,0,0,544379
30/12/2007,18:23:00,5.718,0.246,234.23,24.4,37,0,17,545819
31/12/2007,18:23:00,3.252,0.082,234.79,13.8,0,1,17,547259
1/1/2008,18:23:00,2.624,0.098,239.37,10.8,0,0,0,548699
2/1/2008,18:23:00,0.6,0,238.26,2.6,0,0,0,550139
3/1/2008,18:23:00,2.484,0,236.43,10.4,0,0,18,551579
4/1/2008,18:23:00,1.958,0.052,236,8.2,0,1,17,553019
5/1/2008,18:23:00,3.674,0.092,229.93,16,0,0,16,554459
6/1/2008,18:23:00,2.37,0,233.44,10.2,0,0,0,555899
7/1/2008,18:23:00,0.67,0.086,237.15,2.8,0,0,0,557339
8/1/2008,18:23:00,0.816,0.074,239.3,3.4,0,1,0,558779
9/1/2008,18:23:00,2.142,0.302,235.46,9.2,0,1,0,560219
10/1/2008,18:23:00,0.838,0.054,239.07,3.6,0,0,0,561659
11/1/2008,18:23:00,1.356,0.062,236.72,5.6,0,0,0,563099
12/1/2008,18:23:00,4.494,0,232.91,19.2,1,0,17,564539
13/1/2008,18:23:00,3.6,0.192,232.25,15.4,1,0,17,565979
14/1/2008,18:23:00,0.836,0.068,236.29,3.6,0,0,0,567419
15/1/2008,18:23:00,2.142,0.178,236.35,9,0,1,0,568859
16/1/2008,18:23:00,1.48,0.056,233.43,6.4,0,0,0,570299
17/1/2008,18:23:00,0.666,0.054,240.78,2.8,0,0,0,571739
18/1/2008,18:23:00,2.04,0.064,238.24,8.6,0,0,18,573179
19/1/2008,18:23:00,2.286,0.196,235.57,9.6,0,1,17,574619
20/1/2008,18:23:00,2.66,0.084,236.55,11.2,0,0,0,576059
21/1/2008,18:23:00,1.108,0.066,233.39,4.8,0,1,0,577499
22/1/2008,18:23:00,1.276,0.216,239.11,5.4,0,2,0,578939
23/1/2008,18:23:00,1.794,0.062,237.47,7.6,0,0,0,580379
24/1/2008,18:23:00,2.958,0,234.51,12.6,0,0,17,581819
25/1/2008,18:23:00,1.682,0.05,240.24,7,0,0,0,583259
26/1/2008,18:23:00,1.786,0.084,234.96,7.6,0,0,17,584699
27/1/2008,18:23:00,2.62,0.168,235.81,12,28,0,0,586139
28/1/2008,18:23:00,0.388,0.05,237.82,2,0,0,0,587579
29/1/2008,18:23:00,0.704,0.072,239.96,3,0,1,0,589019
30/1/2008,18:23:00,1.756,0.058,235.67,7.4,0,1,0,590459
31/1/2008,18:23:00,1.802,0.06,240.29,7.4,0,0,17,591899
1/2/2008,18:23:00,0.64,0.186,239.02,2.8,0,0,0,593339
2/2/2008,18:23:00,2.848,0.118,233.49,12.2,0,0,17,594779
3/2/2008,18:23:00,1.954,0,235.05,8.4,0,0,0,596219
4/2/2008,18:23:00,0.67,0.054,236.88,2.8,0,0,0,597659
5/2/2008,18:23:00,2.816,0.124,236.06,11.8,0,0,17,599099
6/2/2008,18:23:00,1.376,0.068,242.82,5.6,0,0,0,600539
7/2/2008,18:23:00,0.736,0.188,238.6,3.2,0,0,0,601979
8/2/2008,18:23:00,1.82,0.052,234.93,7.8,0,0,0,603419
9/2/2008,18:23:00,0.698,0.086,238.71,3,0,0,0,604859
10/2/2008,18:23:00,2.936,0.086,235.35,12.4,0,0,17,606299
11/2/2008,18:23:00,1.38,0.084,236.62,5.8,0,0,0,607739
12/2/2008,18:23:00,1.06,0.074,237.64,4.4,0,0,0,609179
13/2/2008,18:23:00,1.83,0.054,230.05,7.8,0,0,0,610619
14/2/2008,18:23:00,1.078,0.082,235.27,4.6,0,0,0,612059
15/2/2008,18:23:00,0.674,0.064,238.66,2.8,0,0,0,613499
16/2/2008,18:23:00,4.06,0.192,232.62,17.4,0,2,16,614939
17/2/2008,18:23:00,1.406,0.094,240.9,5.8,0,2,0,616379
18/2/2008,18:23:00,0.284,0,238.4,1.2,0,0,0,617819
19/2/2008,18:23:00,1.386,0,240.97,5.8,0,0,0,619259
20/2/2008,18:23:00,1.62,0.396,238.43,7,0,0,0,620699
21/2/2008,18:23:00,1.846,0.048,236.68,7.8,0,0,0,622139
22/2/2008,18:23:00,0.59,0,239.15,2.4,0,0,0,623579
23/2/2008,18:23:00,3.314,0.098,233.59,14.2,0,0,17,625019
24/2/2008,18:23:00,0.206,0,236.33,0.8,0,0,0,626459
25/2/2008,18:23:00,0.21,0,239.07,0.8,0,0,0,627899
26/2/2008,18:23:00,0.28,0.07,237.22,1.2,0,0,0,629339
27/2/2008,18:23:00,0.21,0,237.87,0.8,0,0,0,630779
28/2/2008,18:23:00,0.292,0.088,237.33,1.2,0,1,0,632219
29/2/2008,18:23:00,0.56,0.074,233.05,2.4,0,1,0,633659
1/3/2008,18:23:00,0.498,0,239.46,2,0,0,0,635099
2/3/2008,18:23:00,0.302,0.096,236.5,1.2,0,0,0,636539
3/3/2008,18:23:00,1.872,0.138,240.17,8,0,24,0,637979
4/3/2008,18:23:00,1.63,0.196,239.44,6.8,0,1,18,639419
5/3/2008,18:23:00,4.038,0.194,237.06,17,0,37,0,640859
6/3/2008,18:23:00,2.288,0.05,237.83,9.6,0,0,18,642299
7/3/2008,18:23:00,0.248,0,242.02,1,0,0,0,643739
8/3/2008,18:23:00,2.124,0.174,239.31,8.8,0,0,18,645179
9/3/2008,18:23:00,0.748,0.07,237.88,3.2,0,0,0,646619
10/3/2008,18:23:00,0.306,0,242.15,1.2,0,0,0,648059
11/3/2008,18:23:00,3.36,0.062,235.7,14.2,0,1,17,649499
12/3/2008,18:23:00,0.224,0,242.2,0.8,0,0,0,650939
13/3/2008,18:23:00,3.202,0,236.28,13.4,38,0,0,652379
14/3/2008,18:23:00,1.534,0.09,239,6.4,0,3,18,653819
15/3/2008,18:23:00,1.154,0.17,236.44,5,0,0,0,655259
16/3/2008,18:23:00,3.144,0.164,237.32,13.2,38,0,0,656699
17/3/2008,18:23:00,0.312,0.108,241.55,1.4,0,2,0,658139
18/3/2008,18:23:00,1.55,0.138,241.66,6.4,0,3,18,659579
19/3/2008,18:23:00,0.758,0,239.62,3.2,0,0,0,661019
20/3/2008,18:23:00,1.212,0.238,240.22,5.2,0,1,0,662459
21/3/2008,18:23:00,1.952,0.326,240.08,8.2,0,5,17,663899
22/3/2008,18:23:00,2.354,0.07,237.11,9.8,0,0,17,665339
23/3/2008,18:23:00,2.506,0.098,241.25,10.4,1,0,18,666779
24/3/2008,18:23:00,1.314,0.216,240.9,5.4,0,1,0,668219
25/3/2008,18:23:00,0.622,0.242,242.97,2.8,0,2,0,669659
26/3/2008,18:23:00,1.9,0.248,240.05,8.4,0,23,0,671099
27/3/2008,18:23:00,2.154,0.088,240.68,8.8,0,0,18,672539
28/3/2008,18:23:00,0.426,0,242.14,2,0,0,0,673979
29/3/2008,18:23:00,2.046,0.362,238.3,8.6,0,0,17,675419
30/3/2008,18:23:00,5.036,0.334,234.42,21.4,37,0,16,676859
31/3/2008,18:23:00,0.226,0,243.97,1,0,0,0,678299
1/4/2008,18:23:00,0.42,0.122,243.94,1.8,0,0,0,679739
2/4/2008,18:23:00,0.752,0.27,237.36,3.4,0,0,0,681179
3/4/2008,18:23:00,0.644,0.056,241.68,2.6,0,0,0,682619
4/4/2008,18:23:00,0.316,0.092,239.61,1.4,0,0,0,684059
5/4/2008,18:23:00,1.702,0.198,237.67,7.2,0,1,18,685499
6/4/2008,18:23:00,0.694,0.05,241.51,2.8,0,0,1,686939
7/4/2008,18:23:00,0.338,0.102,243.99,1.4,0,0,0,688379
8/4/2008,18:23:00,1.368,0,239.12,5.6,0,0,18,689819
9/4/2008,18:23:00,0.474,0.218,242.13,2.2,0,0,1,691259
10/4/2008,18:23:00,1.432,0.108,242.4,5.8,0,0,19,692699
11/4/2008,18:23:00,1.356,0,238.64,5.6,0,0,18,694139
12/4/2008,18:23:00,4.06,0.296,239.74,16.8,2,37,19,695579
13/4/2008,18:23:00,4.646,0.382,232.49,20,1,38,17,697019
14/4/2008,18:23:00,0.444,0.24,241.74,2,0,0,1,698459
15/4/2008,18:23:00,0.28,0,239.55,1.2,0,0,0,699899
16/4/2008,18:23:00,1.374,0.086,239.18,5.6,0,1,18,701339
17/4/2008,18:23:00,1.35,0,241.28,5.6,0,0,19,702779
18/4/2008,18:23:00,0.368,0.126,242.35,1.6,0,0,1,704219
19/4/2008,18:23:00,3.062,0.476,235.84,13,0,1,17,705659
20/4/2008,18:23:00,0.376,0.062,242.03,1.6,0,0,1,707099
21/4/2008,18:23:00,0.256,0,242.98,1,0,0,0,708539
22/4/2008,18:23:00,1.406,0,240.5,5.8,0,0,18,709979
23/4/2008,18:23:00,0.324,0.092,242.33,1.4,0,0,1,711419
24/4/2008,18:23:00,0.408,0.226,239.14,1.8,0,2,1,712859
25/4/2008,18:23:00,0.322,0.1,241.26,1.4,0,1,0,714299
26/4/2008,18:23:00,0.676,0.09,241.05,2.8,0,2,1,715739
27/4/2008,18:23:00,1.418,0.072,240.3,5.8,0,1,18,717179
28/4/2008,18:23:00,0.292,0,241.49,1.4,0,0,1,718619
29/4/2008,18:23:00,1.444,0.084,239.27,6,0,1,18,720059
30/4/2008,18:23:00,0.42,0.226,239.42,2,0,2,1,721499
1/5/2008,18:23:00,0.34,0.112,240.44,1.4,0,0,1,722939
2/5/2008,18:23:00,1.546,0.102,241.97,6.4,0,0,18,724379
3/5/2008,18:23:00,0.848,0.09,241.27,3.4,0,0,11,725819
4/5/2008,18:23:00,3.008,0.064,239.12,12.6,39,0,1,727259
5/5/2008,18:23:00,0.344,0.112,243.45,1.4,0,1,1,728699
6/5/2008,18:23:00,1.944,0.164,240.45,8.2,0,0,28,730139
7/5/2008,18:23:00,0.348,0.118,241.1,1.4,0,0,0,731579
8/5/2008,18:23:00,0.3,0,242.33,1.2,0,0,0,733019
9/5/2008,18:23:00,1.48,0.058,239.49,6.2,0,0,18,734459
10/5/2008,18:23:00,2.096,0.238,241.63,8.6,0,0,19,735899
11/5/2008,18:23:00,0.942,0.172,241.09,4,0,0,1,737339
12/5/2008,18:23:00,1.388,0.074,240.42,5.8,0,0,18,738779
13/5/2008,18:23:00,0.308,0.23,242.26,1.6,0,1,0,740219
14/5/2008,18:23:00,0.404,0.372,243.31,2.2,0,2,0,741659
15/5/2008,18:23:00,1.532,0.164,240.61,6.4,0,0,18,743099
16/5/2008,18:23:00,0.906,0.134,241.34,3.8,0,0,0,744539
17/5/2008,18:23:00,0.54,0.302,237.72,2.6,0,0,1,745979
18/5/2008,18:23:00,0.724,0,241.11,3.2,0,1,1,747419
19/5/2008,18:23:00,0.158,0,240.06,0.6,0,0,1,748859
20/5/2008,18:23:00,0.236,0.122,244.25,1,0,0,1,750299
21/5/2008,18:23:00,0.154,0,242.47,0.6,0,0,1,751739
22/5/2008,18:23:00,0.156,0,240.53,0.6,0,0,1,753179
23/5/2008,18:23:00,1.292,0.122,238.09,5.4,0,0,18,754619
24/5/2008,18:23:00,1.472,0.062,240.36,6,0,0,19,756059
25/5/2008,18:23:00,2.484,0,239.49,10.4,0,37,1,757499
26/5/2008,18:23:00,0.502,0.268,241.12,2.4,0,1,0,758939
27/5/2008,18:23:00,2.408,0.236,238.01,10,0,18,18,760379
28/5/2008,18:23:00,1.362,0.126,242.33,5.6,0,0,19,761819
29/5/2008,18:23:00,0.236,0.116,239.5,1,0,0,1,763259
30/5/2008,18:23:00,0.42,0.12,241.69,2,0,0,1,764699
31/5/2008,18:23:00,1.546,0.092,240.19,6.4,0,0,19,766139
1/6/2008,18:23:00,1.262,0.338,241.51,5.4,0,0,1,767579
2/6/2008,18:23:00,0.358,0.202,235.88,1.6,0,1,0,769019
3/6/2008,18:23:00,0.224,0.102,234.69,1,0,2,0,770459
4/6/2008,18:23:00,0.29,0.088,237.18,1.2,0,1,1,771899
5/6/2008,18:23:00,0.15,0,236.07,0.6,0,0,1,773339
6/6/2008,18:23:00,0.412,0.078,240.39,2,0,0,1,774779
7/6/2008,18:23:00,1.29,0,238.6,5.4,0,0,18,776219
8/6/2008,18:23:00,0.668,0.052,239.88,3,0,1,1,777659
9/6/2008,18:23:00,0.432,0.12,241.4,2,0,0,1,779099
10/6/2008,18:23:00,0.322,0.24,241.26,1.6,0,0,1,780539
11/6/2008,18:23:00,0.258,0.13,242.28,1.2,0,0,0,781979
12/6/2008,18:23:00,0.372,0.254,241.91,1.8,0,2,0,783419
13/6/2008,18:23:00,2.374,0.336,237.54,10.4,0,23,0,784859
14/6/2008,18:23:00,0.598,0.578,242.66,3.4,0,1,1,786299
15/6/2008,18:23:00,1.91,0.152,237.44,8,0,4,18,787739
16/6/2008,18:23:00,0.594,0.112,242.07,2.8,0,0,0,789179
17/6/2008,18:23:00,0.196,0,242.78,0.8,0,0,1,790619
18/6/2008,18:23:00,0.514,0.21,242.04,2.2,0,2,1,792059
19/6/2008,18:23:00,2.51,0.256,238.47,10.8,0,23,12,793499
20/6/2008,18:23:00,1.482,0.21,237.69,6.2,0,1,18,794939
21/6/2008,18:23:00,1.768,0.306,237.77,7.6,0,0,18,796379
22/6/2008,18:23:00,1.712,0.386,239.67,7.2,1,0,19,797819
23/6/2008,18:23:00,0.22,0,239.8,1,0,0,1,799259
24/6/2008,18:23:00,0.206,0.082,239.2,0.8,0,0,0,800699
25/6/2008,18:23:00,0.316,0.282,240.31,1.6,0,0,0,802139
26/6/2008,18:23:00,0.246,0.116,239.75,1,0,0,1,803579
27/6/2008,18:23:00,4.026,0.34,236.6,17,38,0,18,805019
28/6/2008,18:23:00,0.422,0.106,236.57,2,0,2,1,806459
29/6/2008,18:23:00,0.138,0,239.19,0.6,0,0,1,807899
30/6/2008,18:23:00,1.148,0.28,240.96,5,0,0,12,809339
1/7/2008,18:23:00,0.338,0.22,239.66,1.6,0,0,0,810779
2/7/2008,18:23:00,0.634,0.226,239.97,2.8,0,0,1,812219
3/7/2008,18:23:00,0.326,0.194,240.04,1.8,0,0,1,813659
4/7/2008,18:23:00,1.316,0.106,238.24,5.4,0,0,18,815099
5/7/2008,18:23:00,1.368,0.162,240.8,5.6,0,0,18,816539
6/7/2008,18:23:00,1.42,0,238.48,5.8,0,0,18,817979
7/7/2008,18:23:00,0.214,0.106,239.47,1,0,0,0,819419
8/7/2008,18:23:00,0.416,0.148,239.61,1.8,0,0,1,820859
9/7/2008,18:23:00,0.276,0.1,241.54,1.2,0,0,1,822299
10/7/2008,18:23:00,0.838,0.048,241.14,3.6,0,0,1,823739
11/7/2008,18:23:00,1.83,0.336,238.16,8.4,0,0,18,825179
12/7/2008,18:23:00,0.89,0.208,240.45,3.8,0,0,11,826619
13/7/2008,18:23:00,0.532,0.162,239.01,2.4,0,0,1,828059
14/7/2008,18:23:00,4.168,0.458,236.05,17.8,0,35,1,829499
15/7/2008,18:23:00,0.48,0.202,240.9,2.2,0,2,1,830939
16/7/2008,18:23:00,0.254,0.14,242.85,1.2,0,0,1,832379
17/7/2008,18:23:00,1.628,0.106,240.92,6.8,0,0,18,833819
18/7/2008,18:23:00,0.654,0.228,237.4,2.8,0,1,1,835259
19/7/2008,18:23:00,0.336,0.236,241.04,1.6,0,1,0,836699
20/7/2008,18:23:00,0.652,0.156,238.94,3,0,0,7,838139
21/7/2008,18:23:00,0.146,0,239.28,0.6,0,0,1,839579
22/7/2008,18:23:00,0.246,0.122,240.64,1,0,0,1,841019
23/7/2008,18:23:00,0.308,0.194,241.75,1.6,0,1,1,842459
24/7/2008,18:23:00,0.366,0.12,241.91,1.6,0,0,1,843899
25/7/2008,18:23:00,1.426,0,237.67,6,0,0,19,845339
26/7/2008,18:23:00,0.15,0,241.8,0.6,0,0,0,846779
27/7/2008,18:23:00,3.894,0.384,235.67,16.6,0,37,0,848219
28/7/2008,18:23:00,0.42,0.1,241.12,2,0,0,1,849659
29/7/2008,18:23:00,1.31,0.342,241.44,5.6,0,2,13,851099
30/7/2008,18:23:00,1.68,0.22,237.39,7.2,0,0,18,852539
31/7/2008,18:23:00,0.262,0.058,238.27,1.2,0,0,1,853979
1/8/2008,18:23:00,0.212,0.098,239.38,1,0,0,1,855419
2/8/2008,18:23:00,0.136,0,236.09,0.6,0,0,1,856859
3/8/2008,18:23:00,0.206,0.09,236.2,1,0,0,1,858299
4/8/2008,18:23:00,2.612,0.082,235.71,11.2,0,34,1,859739
5/8/2008,18:23:00,0.168,0.134,237.88,0.8,0,2,1,861179
6/8/2008,18:23:00,0.242,0.244,241.07,1.4,0,2,1,862619
7/8/2008,18:23:00,0.34,0.37,239.84,2,0,1,1,864059
8/8/2008,18:23:00,0.242,0.21,238.88,1.4,0,1,1,865499
9/8/2008,18:23:00,0.08,0,240.6,0.2,0,0,1,866939
10/8/2008,18:23:00,0.166,0.14,240.19,0.8,0,1,0,868379
11/8/2008,18:23:00,0.628,0.238,241.12,3,0,0,7,869819
12/8/2008,18:23:00,0.082,0,241.7,0.2,0,0,0,871259
13/8/2008,18:23:00,0.262,0.276,241.21,1.4,0,1,1,872699
14/8/2008,18:23:00,0.088,0,242.42,0.4,0,0,1,874139
15/8/2008,18:23:00,0.156,0.122,240.36,0.8,0,0,1,875579
16/8/2008,18:23:00,0.176,0.154,241.47,0.8,0,0,1,877019
17/8/2008,18:23:00,0.162,0.142,241.13,0.8,0,1,0,878459
18/8/2008,18:23:00,0.26,0.276,241.49,1.4,0,1,1,879899
19/8/2008,18:23:00,0.236,0.246,241.51,1.4,0,1,1,881339
20/8/2008,18:23:00,0.17,0.144,242.06,0.8,0,1,1,882779
21/8/2008,18:23:00,0.26,0.254,240.83,1.4,0,0,1,884219
22/8/2008,18:23:00,0.19,0.176,242.53,1,0,0,0,885659
23/8/2008,18:23:00,0.154,0.126,242.06,0.8,0,0,1,887099
24/8/2008,18:23:00,0.234,0.242,240.2,1.4,0,1,1,888539
25/8/2008,18:23:00,0.078,0,237.86,0.2,0,0,1,889979
26/8/2008,18:23:00,0.08,0,239.88,0.2,0,0,1,891419
27/8/2008,18:23:00,0.202,0.178,240.96,1.2,0,1,1,892859
28/8/2008,18:23:00,0.17,0.138,239.59,0.8,0,2,1,894299
29/8/2008,18:23:00,0.082,0,241.96,0.2,0,0,1,895739
30/8/2008,18:23:00,0.08,0,240.74,0.2,0,0,1,897179
31/8/2008,18:23:00,2.006,0.158,241.58,8.4,0,0,19,898619
1/9/2008,18:23:00,0.214,0.076,237.85,1,0,0,1,900059
2/9/2008,18:23:00,0.458,0.192,241.76,2,0,0,1,901499
3/9/2008,18:23:00,0.83,0.096,240.9,3.4,0,0,12,902939
4/9/2008,18:23:00,0.25,0.102,239.64,1,0,0,1,904379
5/9/2008,18:23:00,0.24,0.124,239.49,1,0,0,1,905819
6/9/2008,18:23:00,0.534,0.168,240.52,2.4,0,3,1,907259
7/9/2008,18:23:00,0.558,0.194,240.58,2.6,0,0,0,908699
8/9/2008,18:23:00,0.22,0.082,241.43,1,0,0,0,910139
9/9/2008,18:23:00,0.254,0.114,241.48,1.2,0,0,0,911579
10/9/2008,18:23:00,0.148,0,242.06,0.6,0,0,1,913019
11/9/2008,18:23:00,0.304,0.2,240.32,1.4,0,2,0,914459
12/9/2008,18:23:00,1.004,0.354,239.25,4.6,0,1,0,915899
13/9/2008,18:23:00,0.2,0,239.73,0.8,0,0,0,917339
14/9/2008,18:23:00,0.838,0,238.25,3.6,0,0,0,918779
15/9/2008,18:23:00,1.402,0,239.32,5.8,0,0,19,920219
16/9/2008,18:23:00,0.418,0,239.5,1.8,0,0,0,921659
17/9/2008,18:23:00,0.226,0.102,240.24,1,0,0,0,923099
18/9/2008,18:23:00,0.654,0,239.8,2.8,0,0,0,924539
19/9/2008,18:23:00,1.308,0.112,240.94,5.4,0,1,19,925979
20/9/2008,18:23:00,0.224,0.114,240.97,1,0,0,1,927419
21/9/2008,18:23:00,1.678,0.242,240.86,7,0,2,19,928859
22/9/2008,18:23:00,0.492,0.192,241.23,2.2,0,0,1,930299
23/9/2008,18:23:00,0.528,0,240.09,2.2,0,0,0,931739
24/9/2008,18:23:00,0.236,0.114,242.54,1,0,0,1,933179
25/9/2008,18:23:00,0.23,0.11,242.3,1,0,2,1,934619
26/9/2008,18:23:00,0.15,0,242.85,0.6,0,0,1,936059
27/9/2008,18:23:00,3.854,0.31,239.19,16,38,2,18,937499
28/9/2008,18:23:00,0.556,0.064,239.36,2.4,0,0,0,938939
29/9/2008,18:23:00,0.258,0,240.75,1.2,0,0,0,940379
30/9/2008,18:23:00,1.726,0.2,238.05,7.2,0,0,11,941819
1/10/2008,18:23:00,0.33,0.08,242.71,1.4,0,0,1,943259
2/10/2008,18:23:00,0.326,0.102,240.27,1.4,0,0,1,944699
3/10/2008,18:23:00,0.342,0.064,240.63,1.4,0,0,1,946139
4/10/2008,18:23:00,1.178,0.102,240.47,4.8,0,0,1,947579
5/10/2008,18:23:00,0.272,0,242.62,1.2,0,0,1,949019
6/10/2008,18:23:00,0.486,0.07,240.11,2.2,0,0,1,950459
7/10/2008,18:23:00,0.598,0,238.79,2.4,0,0,0,951899
8/10/2008,18:23:00,1.212,0.174,238.17,5.2,0,0,12,953339
9/10/2008,18:23:00,0.348,0.11,239.64,1.4,0,0,1,954779
10/10/2008,18:23:00,1.15,0.366,237.1,5.2,0,1,10,956219
11/10/2008,18:23:00,0.378,0.056,240.6,1.6,0,1,0,957659
12/10/2008,18:23:00,0.916,0.056,236.31,3.8,0,0,1,959099
13/10/2008,18:23:00,0.38,0.072,239.39,1.6,0,0,0,960539
14/10/2008,18:23:00,0.416,0.18,237.04,1.8,0,1,1,961979
15/10/2008,18:23:00,1.666,0.228,240.52,7,0,5,1,963419
16/10/2008,18:23:00,0.442,0.084,237.96,1.8,0,0,1,964859
17/10/2008,18:23:00,1.672,0.176,239.49,8.4,0,21,0,966299
18/10/2008,18:23:00,1.582,0,237.47,6.6,0,1,18,967739
19/10/2008,18:23:00,0.454,0.1,239.2,2,0,0,1,969179
20/10/2008,18:23:00,1.036,0.114,237.59,4.4,0,2,1,970619
21/10/2008,18:23:00,0.854,0.084,238.04,3.6,0,0,1,972059
22/10/2008,18:23:00,0.918,0.29,237.24,4,0,1,0,973499
23/10/2008,18:23:00,0.832,0.308,238.93,3.6,0,1,1,974939
24/10/2008,18:23:00,1.32,0.264,240.47,5.6,0,2,1,976379
25/10/2008,18:23:00,1.328,0.056,236.14,5.6,0,0,17,977819
26/10/2008,18:23:00,0.2,0.056,238.65,0.8,0,0,0,979259
27/10/2008,18:23:00,0.368,0.176,239.72,1.6,0,0,0,980699
28/10/2008,18:23:00,1.124,0.066,240.11,4.6,0,0,0,982139
29/10/2008,18:23:00,0.744,0,238.84,3,0,0,0,983579
30/10/2008,18:23:00,0.47,0.07,238.76,2.4,0,0,0,985019
31/10/2008,18:23:00,1.5,0.046,239.95,6.2,0,0,17,986459
1/11/2008,18:23:00,0.494,0,238.85,2.4,0,0,0,987899
2/11/2008,18:23:00,0.584,0.166,238.29,2.8,0,0,0,989339
3/11/2008,18:23:00,0.32,0,237.92,1.4,1,0,0,990779
4/11/2008,18:23:00,2.432,0,235.79,10.2,0,0,0,992219
5/11/2008,18:23:00,2.04,0.244,238.94,8.6,0,1,0,993659
6/11/2008,18:23:00,1.75,0,240.78,7.2,0,0,18,995099
7/11/2008,18:23:00,0.716,0.064,238.65,3,0,0,0,996539
8/11/2008,18:23:00,1.86,0,237.11,7.8,0,0,0,997979
9/11/2008,18:23:00,3.29,0.294,237.72,14.4,7,1,18,999419
10/11/2008,18:23:00,0.498,0.086,237.09,2.2,0,0,0,1000859
11/11/2008,18:23:00,2,0,235.46,8.6,0,0,0,1002299
12/11/2008,18:23:00,1.648,0.146,234.55,7,0,0,0,1003739
13/11/2008,18:23:00,0.692,0.06,237.45,2.8,0,0,0,1005179
14/11/2008,18:23:00,1.056,0.056,238.57,4.4,0,0,0,1006619
15/11/2008,18:23:00,4.026,0.06,236.28,17,0,0,17,1008059
16/11/2008,18:23:00,4.312,0.22,236.23,18.2,38,0,0,1009499
17/11/2008,18:23:00,0.27,0.088,237.84,1.2,0,0,0,1010939
18/11/2008,18:23:00,1.094,0.064,237.73,4.6,0,0,0,1012379
19/11/2008,18:23:00,1.454,0.168,237.11,6.2,0,1,0,1013819
20/11/2008,18:23:00,1.168,0,235.96,5,0,0,0,1015259
21/11/2008,18:23:00,0.966,0.142,239.63,4,0,2,0,1016699
22/11/2008,18:23:00,0.87,0.048,233.36,3.8,0,0,0,1018139
23/11/2008,18:23:00,5.946,0.18,232.06,25.6,0,19,16,1019579
24/11/2008,18:23:00,1.794,0.07,240.04,7.4,0,0,0,1021019
25/11/2008,18:23:00,1.782,0.16,239.1,7.4,0,0,0,1022459
26/11/2008,18:23:00,0.378,0.17,240.54,1.6,0,0,0,1023899
27/11/2008,18:23:00,0.964,0.07,241.59,4.2,0,0,0,1025339
28/11/2008,18:23:00,1.534,0.058,242.63,6.2,0,0,0,1026779
29/11/2008,18:23:00,1.502,0.056,238.36,6.2,0,0,18,1028219
30/11/2008,18:23:00,2.978,0.052,237.17,12.6,0,0,17,1029659
1/12/2008,18:23:00,1.54,0.07,241.38,6.4,0,0,0,1031099
2/12/2008,18:23:00,1.496,0.252,243.01,6.2,0,1,0,1032539
3/12/2008,18:23:00,3.494,0,242.38,14.4,0,0,18,1033979
4/12/2008,18:23:00,1.806,0,241.05,7.6,0,0,0,1035419
5/12/2008,18:23:00,3.222,0.142,240.98,13.4,0,2,18,1036859
6/12/2008,18:23:00,2.572,0.098,238.1,10.8,0,0,0,1038299
7/12/2008,18:23:00,2.642,0,235.59,11.2,0,0,17,1039739
8/12/2008,18:23:00,1.214,0.186,240.11,5,0,1,0,1041179
9/12/2008,18:23:00,1.518,0.05,240.39,6.2,0,2,0,1042619
10/12/2008,18:23:00,2.29,0.364,242.48,9.6,0,3,0,1044059
11/12/2008,18:23:00,1.332,0,239.82,5.6,0,0,0,1045499
12/12/2008,18:23:00,2.49,0.078,238.67,10.4,0,0,18,1046939
13/12/2008,18:23:00,1.266,0.08,236.64,5.4,0,0,0,1048379
