TTKGeometrySmoother, 1manifoldLearningCircles.pvsm 1manifoldLearning.pvsm 2manifoldLearning.pvsm bivariateToyCspPeeling.pvsm bivariateToy.pvsm cosmicWeb.pvsm ctBones.pvsm delaunayRipsPersistence.pvsm dragon.pvsm harmonicSkeleton.pvsm interactionSites.pvsm karhunenLoveDigits64Dimensions.pvsm mechanical.pvsm mergeTreePGA.pvsm mergeTreeWAEDecoding.pvsm mergeTreeWAE.pvsm molecularVibration.pvsm morseMolecule.pvsm morseSmaleQuadrangulation.pvsm morseSmaleSegmentation_at.pvsm mpiExample.pvsm persistenceClustering0.pvsm persistenceClustering1.pvsm persistenceClustering2.pvsm persistenceClustering3.pvsm persistenceClustering4.pvsm persistenceClusteringGallery.pvsm persistenceDiagramPGA.pvsm persistentGenerators_at.pvsm persistentGenerators_casting.pvsm persistentGenerators_darkSky.pvsm persistentGenerators_fertility.pvsm persistentGenerators_householdAnalysis.pvsm topoAEppTeaser.pvsm topologicalOptimization_darkSky_postProcess.pvsm topologicalOptimization_darkSky.pvsm topologicalOptimization_pegasus.pvsm trackingFromCriticalPoints.pvsm viscousFingering.pvsm
TTKIcospheresFromPoints, 1manifoldLearningCircles.pvsm 1manifoldLearning.pvsm 2manifoldLearning.pvsm bivariateToy.pvsm BuiltInExample1.pvsm BuiltInExample3.pvsm cosmicWeb.pvsm ctBones.pvsm delaunayRipsPersistence.pvsm discreteVectorFieldTopology.pvsm dragon.pvsm geometryApproximation.pvsm harmonicSkeleton.pvsm imageProcessing.pvsm interactionSites.pvsm karhunenLoveDigits64Dimensions.pvsm manifoldChecks.pvsm mergeTreeClustering.pvsm mergeTreeExTreeM.pvsm mergeTreeFeatureTracking.pvsm mergeTreePGA.pvsm mergeTreeTemporalReduction.pvsm mergeTreeWAEDecoding.pvsm mergeTreeWAE.pvsm morseMolecule.pvsm morsePersistence.pvsm morseSmaleQuadrangulation.pvsm mpiExample.pvsm oceanVortices.pvsm persistenceClustering0.pvsm persistenceClustering1.pvsm persistenceClustering2.pvsm persistenceClustering3.pvsm persistenceClustering4.pvsm persistenceClusteringGallery.pvsm persistenceDiagramClustering.pvsm persistenceDiagramDictionary.pvsm persistenceDiagramDistance.pvsm persistenceDiagramPGA.pvsm persistenceDiagramWAEDecoding.pvsm persistenceDiagramWAE.pvsm persistentGenerators_at.pvsm persistentGenerators_darkSky.pvsm persistentGenerators_householdAnalysis.pvsm persistentGenerators_periodicPicture.pvsm tectonicPuzzle.pvsm timeTracking.pvsm topologicalOptimization_darkSky_postProcess.pvsm topologicalOptimization_darkSky.pvsm topoMapTeaser.pvsm trackingFromCriticalPoints.pvsm tribute.pvsm uncertainStartingVortex.pvsm viscousFingering.pvsm
TTKMorseSmaleComplex, 1manifoldLearningCircles.pvsm 1manifoldLearning.pvsm 2manifoldLearning.pvsm cosmicWeb.pvsm imageProcessing.pvsm karhunenLoveDigits64Dimensions.pvsm molecularVibration.pvsm morseMolecule.pvsm morsePersistence.pvsm morseSmaleQuadrangulation.pvsm persistenceClustering0.pvsm persistenceClustering1.pvsm persistenceClustering2.pvsm persistenceClustering3.pvsm persistenceClustering4.pvsm persistenceClusteringGallery.pvsm persistentGenerators_at.pvsm persistentGenerators_darkSky.pvsm tectonicPuzzle.pvsm topologicalOptimization_darkSky_postProcess.pvsm topologicalOptimization_darkSky.pvsm tribute.pvsm
TTKPersistenceDiagram, 1manifoldLearningCircles.pvsm 1manifoldLearning.pvsm 2manifoldLearning.pvsm BuiltInExample1.pvsm BuiltInExample3.pvsm clusteringKelvinHelmholtzInstabilities.pvsm contourAroundPoint.pvsm ctBones.pvsm distributedPersistenceDiagram.pvsm dragon.pvsm harmonicSkeleton.pvsm imageProcessing.pvsm interactionSites.pvsm karhunenLoveDigits64Dimensions.pvsm mergeTreeClustering.pvsm mergeTreeFeatureTracking.pvsm mergeTreeTemporalReduction.pvsm morsePersistence.pvsm morseSmaleQuadrangulation.pvsm oceanVortices.pvsm persistenceClustering0.pvsm persistenceClustering1.pvsm persistenceClustering2.pvsm persistenceClustering3.pvsm persistenceClustering4.pvsm persistenceClusteringGallery.pvsm persistenceDiagramClustering.pvsm persistenceDiagramDictionary.pvsm persistenceDiagramDistance.pvsm persistenceDiagramPGA.pvsm persistenceDiagramWAE.pvsm persistentGenerators_darkSky.pvsm tectonicPuzzle.pvsm timeTracking.pvsm topologicalOptimization_darkSky_postProcess.pvsm topologicalOptimization_darkSky.pvsm topologicalOptimization_pegasus.pvsm topologicalOptimization_torus.pvsm tribute.pvsm uncertainStartingVortex.pvsm viscousFingering.pvsm
TTKTopologicalSimplification, 1manifoldLearningCircles.pvsm 1manifoldLearning.pvsm 2manifoldLearning.pvsm BuiltInExample1.pvsm BuiltInExample3.pvsm contourAroundPoint.pvsm ctBones.pvsm dragon.pvsm harmonicSkeleton.pvsm imageProcessing.pvsm interactionSites.pvsm karhunenLoveDigits64Dimensions.pvsm morsePersistence.pvsm morseSmaleQuadrangulation.pvsm oceanVortices.pvsm persistenceClustering0.pvsm persistenceClustering1.pvsm persistenceClustering2.pvsm persistenceClustering3.pvsm persistenceClustering4.pvsm persistenceClusteringGallery.pvsm persistentGenerators_darkSky.pvsm tectonicPuzzle.pvsm topologicalOptimization_darkSky.pvsm topologicalOptimization_pegasus.pvsm topologicalOptimization_torus.pvsm tribute.pvsm uncertainStartingVortex.pvsm
TTKDimensionReduction, 1manifoldLearning.pvsm clusteringKelvinHelmholtzInstabilities.pvsm karhunenLoveDigits64Dimensions.pvsm mergeTreeClustering.pvsm mergeTreePGA.pvsm persistenceDiagramPGA.pvsm persistentGenerators_householdAnalysis.pvsm persistentGenerators_periodicPicture.pvsm topoAEppTeaser.pvsm topoMapTeaser.pvsm
TTKTriangulationRequest, bivariateToyCspPeeling.pvsm
TTKContinuousScatterPlot, bivariateToyCspPeeling.pvsm BuiltInExample2.pvsm mechanical.pvsm
TTKProjectionFromField, bivariateToyCspPeeling.pvsm bivariateToy.pvsm BuiltInExample2.pvsm mechanical.pvsm
TTKReebSpace, bivariateToyCspPeeling.pvsm bivariateToy.pvsm mechanical.pvsm
TTKContourTree, bivariateToy.pvsm dragon.pvsm
TTKFiber, bivariateToy.pvsm
TTKJacobiSet, bivariateToy.pvsm BuiltInExample2.pvsm
TTKScalarFieldCriticalPoints, bivariateToy.pvsm BuiltInExample1.pvsm BuiltInExample3.pvsm compactTriangulation.pvsm dragon.pvsm interactionSites.pvsm mpiExample.pvsm oceanVortices.pvsm uncertainStartingVortex.pvsm viscousFingering.pvsm
TTKTextureMapFromField, bivariateToy.pvsm harmonicSkeleton.pvsm
TTKPersistenceCurve, BuiltInExample1.pvsm dragon.pvsm interactionSites.pvsm morsePersistence.pvsm oceanVortices.pvsm viscousFingering.pvsm
TTKScalarFieldNormalizer, BuiltInExample1.pvsm clusteringKelvinHelmholtzInstabilities.pvsm cosmicWeb.pvsm harmonicSkeleton.pvsm interactionSites.pvsm molecularVibration.pvsm morseSmaleQuadrangulation.pvsm mpiExample.pvsm
TTKFiberSurface, BuiltInExample2.pvsm
TTKMandatoryCriticalPoints, BuiltInExample3.pvsm uncertainStartingVortex.pvsm
TTKCinemaProductReader, cinemaIO.pvsm clusteringKelvinHelmholtzInstabilities.pvsm contourTreeAlignment.pvsm mergeTreeClustering.pvsm mergeTreeFeatureTracking.pvsm mergeTreePGA.pvsm mergeTreeTemporalReduction.pvsm mergeTreeWAEDecoding.pvsm mergeTreeWAE.pvsm molecularVibration.pvsm persistenceDiagramClustering.pvsm persistenceDiagramDictionary.pvsm persistenceDiagramDistance.pvsm persistenceDiagramPGA.pvsm persistenceDiagramWAEDecoding.pvsm persistenceDiagramWAE.pvsm persistentGenerators_periodicPicture.pvsm cinemaDarkroom.py nestedTrackingFromOverlap.py
TTKGridLayout, cinemaIO.pvsm contourTreeAlignment.pvsm geometryApproximation.pvsm
TTKForEach, cinemaIO.pvsm contourTreeAlignment.pvsm nestedTrackingFromOverlap.py
TTKCinemaWriter, cinemaIO.pvsm
TTKEndFor, cinemaIO.pvsm contourTreeAlignment.pvsm nestedTrackingFromOverlap.py
TTKCinemaQuery, cinemaIO.pvsm clusteringKelvinHelmholtzInstabilities.pvsm contourTreeAlignment.pvsm mergeTreeFeatureTracking.pvsm molecularVibration.pvsm cinemaDarkroom.py nestedTrackingFromOverlap.py
TTKArrayEditor, cinemaIO.pvsm contourTreeAlignment.pvsm mergeTreeWAEDecoding.pvsm mergeTreeWAE.pvsm nestedTrackingFromOverlap.py
TTKCinemaReader, cinemaIO.pvsm clusteringKelvinHelmholtzInstabilities.pvsm contourTreeAlignment.pvsm mergeTreeClustering.pvsm mergeTreeFeatureTracking.pvsm mergeTreePGA.pvsm mergeTreeTemporalReduction.pvsm mergeTreeWAEDecoding.pvsm mergeTreeWAE.pvsm molecularVibration.pvsm persistenceDiagramClustering.pvsm persistenceDiagramDictionary.pvsm persistenceDiagramDistance.pvsm persistenceDiagramPGA.pvsm persistenceDiagramWAEDecoding.pvsm persistenceDiagramWAE.pvsm persistentGenerators_periodicPicture.pvsm cinemaDarkroom.py nestedTrackingFromOverlap.py
TTKMatrixToHeatMap, clusteringKelvinHelmholtzInstabilities.pvsm mergeTreeBarycenter_branchMapping.pvsm mergeTreeBarycenter_pathMapping.pvsm
TTKTriangulationManager, clusteringKelvinHelmholtzInstabilities.pvsm compactTriangulation.pvsm
TTKDataSetToTable, clusteringKelvinHelmholtzInstabilities.pvsm mergeTreePGA.pvsm mergeTreeWAEDecoding.pvsm mergeTreeWAE.pvsm persistenceDiagramPGA.pvsm persistenceDiagramWAEDecoding.pvsm persistenceDiagramWAE.pvsm persistentGenerators_periodicPicture.pvsm
TTKLDistanceMatrix, clusteringKelvinHelmholtzInstabilities.pvsm
TTKPersistenceDiagramClustering, clusteringKelvinHelmholtzInstabilities.pvsm persistenceDiagramClustering.pvsm persistenceDiagramDistance.pvsm
TTKPersistenceDiagramDistanceMatrix, clusteringKelvinHelmholtzInstabilities.pvsm
TTKContourAroundPoint, contourAroundPoint.pvsm
TTKMergeandContourTreeFTM, contourAroundPoint.pvsm contourTreeAlignment.pvsm ctBones.pvsm mergeTreeBarycenter_branchMapping.pvsm mergeTreeBarycenter_pathMapping.pvsm mergeTreeClustering.pvsm mergeTreeFeatureTracking.pvsm mergeTreePGA.pvsm mergeTreeTemporalReduction.pvsm oceanVortices.pvsm
TTKTopologicalSimplificationByPersistence, contourTreeAlignment.pvsm cosmicWeb.pvsm mergeTreeTemporalReduction.pvsm molecularVibration.pvsm
TTKContourTreeAlignment, contourTreeAlignment.pvsm
TTKPlanarGraphLayout, contourTreeAlignment.pvsm mergeTreeTemporalReduction.pvsm nestedTrackingFromOverlap.py
TTKExtract, contourTreeAlignment.pvsm persistenceDiagramClustering.pvsm persistenceDiagramDistance.pvsm cinemaDarkroom.py
TTKBlockAggregator, contourTreeAlignment.pvsm mergeTreeBarycenter_branchMapping.pvsm mergeTreeBarycenter_pathMapping.pvsm mergeTreeClustering.pvsm mergeTreeFeatureTracking.pvsm mergeTreePGA.pvsm mergeTreeTemporalReduction.pvsm mergeTreeWAEDecoding.pvsm mergeTreeWAE.pvsm persistenceDiagramPGA.pvsm nestedTrackingFromOverlap.py
TTKScalarFieldSmoother, cosmicWeb.pvsm morsePersistence.pvsm mpiExample.pvsm persistentGenerators_darkSky.pvsm topologicalOptimization_darkSky_postProcess.pvsm topologicalOptimization_darkSky.pvsm topologicalOptimization_pegasus.pvsm topologicalOptimization_torus.pvsm
TTKDelaunayRipsPersistenceDiagram, delaunayRipsPersistence.pvsm
TTKDelaunayRipsPersistenceGenerators, delaunayRipsPersistence.pvsm
TTKIdentifierRandomizer, discreteVectorFieldTopology.pvsm imageProcessing.pvsm karhunenLoveDigits64Dimensions.pvsm molecularVibration.pvsm morseSmaleQuadrangulation.pvsm oceanVortices.pvsm persistentGenerators_at.pvsm persistentGenerators_casting.pvsm persistentGenerators_fertility.pvsm persistentGenerators_householdAnalysis.pvsm persistentGenerators_skull.pvsm tectonicPuzzle.pvsm trackingFromCriticalPoints.pvsm tribute.pvsm
TTKTopologicalSkeleton, discreteVectorFieldTopology.pvsm
TTKVectorWeightCurve, discreteVectorFieldTopology.pvsm
TTKArrayPreconditioning, distributedPersistenceDiagram.pvsm mpiExample.pvsm
TTKCinemaImaging, geometryApproximation.pvsm cinemaDarkroom.py
TTKDepthImageBasedGeometryApproximation, geometryApproximation.pvsm
TTKIcosphereFromObject, geometryApproximation.pvsm
TTKHarmonicField, harmonicSkeleton.pvsm
TTKReebgraphFTR, harmonicSkeleton.pvsm
TTKJoinTree, interactionSites.pvsm
TTKManifoldCheck, manifoldChecks.pvsm
TTKMergeTreeClustering, mergeTreeBarycenter_branchMapping.pvsm mergeTreeBarycenter_pathMapping.pvsm mergeTreeClustering.pvsm mergeTreeFeatureTracking.pvsm mergeTreePGA.pvsm mergeTreeWAEDecoding.pvsm mergeTreeWAE.pvsm
TTKMergeTreeDistanceMatrix, mergeTreeBarycenter_branchMapping.pvsm mergeTreeBarycenter_pathMapping.pvsm mergeTreeClustering.pvsm mergeTreePGA.pvsm persistenceDiagramPGA.pvsm
TTKFlattenMultiBlock, mergeTreeClustering.pvsm mergeTreePGA.pvsm mergeTreeWAEDecoding.pvsm mergeTreeWAE.pvsm persistenceDiagramPGA.pvsm persistenceDiagramWAEDecoding.pvsm
TTKMergeTree, mergeTreeExTreeM.pvsm mergeTreeWAE.pvsm
TTKPathCompression, mergeTreeExTreeM.pvsm morseSmaleSegmentation_at.pvsm
TTKPointSetToSurface, mergeTreePGA.pvsm persistenceDiagramPGA.pvsm
TTKProjectionFromTable, mergeTreePGA.pvsm persistenceDiagramPGA.pvsm
TTKPointSetToCurve, mergeTreePGA.pvsm persistenceDiagramPGA.pvsm persistentGenerators_householdAnalysis.pvsm
TTKMergeTreePrincipalGeodesicsDecoding, mergeTreePGA.pvsm persistenceDiagramPGA.pvsm
TTKIdentifyByScalarField, mergeTreePGA.pvsm persistenceDiagramPGA.pvsm
TTKMergeBlockTables, mergeTreePGA.pvsm persistenceDiagramPGA.pvsm persistentGenerators_periodicPicture.pvsm
TTKMergeTreePrincipalGeodesics, mergeTreePGA.pvsm persistenceDiagramPGA.pvsm
TTKMergeTreePrincipalGeodesicsDecoding_PathTrees, mergeTreePGA.pvsm
TTKMergeTreePrincipalGeodesicsDecoding_Surface, mergeTreePGA.pvsm persistenceDiagramPGA.pvsm
TTKMergeTreeTemporalReduction, mergeTreeTemporalReduction.pvsm
TTKMergeTreeTemporalReductionDecoding, mergeTreeTemporalReduction.pvsm
TTKMergeTreeAutoencoderDecoding, mergeTreeWAEDecoding.pvsm mergeTreeWAE.pvsm persistenceDiagramWAEDecoding.pvsm persistenceDiagramWAE.pvsm
TTKCinemaReader_Coefficients, mergeTreeWAEDecoding.pvsm persistenceDiagramWAEDecoding.pvsm
TTKCinemaReader_Origins, mergeTreeWAEDecoding.pvsm persistenceDiagramWAEDecoding.pvsm
TTKCinemaReader_ProcessedData, mergeTreeWAEDecoding.pvsm persistenceDiagramWAEDecoding.pvsm
TTKCinemaReader_Vectors, mergeTreeWAEDecoding.pvsm persistenceDiagramWAEDecoding.pvsm
TTKMergeTreeAutoencoder, mergeTreeWAE.pvsm persistenceDiagramWAE.pvsm
TTKSeparatrixStability, molecularVibration.pvsm
TTKMorseSmaleQuadrangulation, morseSmaleQuadrangulation.pvsm
TTKQuadrangulationSubdivision, morseSmaleQuadrangulation.pvsm
TTKMarchingTetrahedra, morseSmaleSegmentation_at.pvsm
TTKIntegralLines, mpiExample.pvsm viscousFingering.pvsm
TTKDistanceField, oceanVortices.pvsm viscousFingering.pvsm
TTKPersistenceDiagramDictionary, persistenceDiagramDictionary.pvsm
TTKPersistenceDiagramDictionaryDecoding, persistenceDiagramDictionary.pvsm
TTKCinemaReader_Isabel, persistenceDiagramWAEDecoding.pvsm persistenceDiagramWAE.pvsm
TTKPersistentGenerators, persistentGenerators_at.pvsm persistentGenerators_casting.pvsm persistentGenerators_darkSky.pvsm persistentGenerators_fertility.pvsm persistentGenerators_householdAnalysis.pvsm persistentGenerators_periodicPicture.pvsm persistentGenerators_skull.pvsm topologicalOptimization_pegasus.pvsm
TTKSurfaceGeometrySmoother, persistentGenerators_casting.pvsm persistentGenerators_fertility.pvsm persistentGenerators_skull.pvsm
TTKEigenField, persistentGenerators_casting.pvsm persistentGenerators_fertility.pvsm persistentGenerators_skull.pvsm
TTKRipsComplex, persistentGenerators_householdAnalysis.pvsm persistentGenerators_periodicPicture.pvsm
TTKTableDistanceMatrix, persistentGenerators_householdAnalysis.pvsm persistentGenerators_periodicPicture.pvsm
TTKTableDataSelector, persistentGenerators_periodicPicture.pvsm
TTKPointDataSelector, timeTracking.pvsm trackingFromCriticalPoints.pvsm trackingPostProcessing.pvsm viscousFingering.pvsm
TTKTrackingFromFields, timeTracking.pvsm trackingFromCriticalPoints.pvsm trackingPostProcessing.pvsm
TTKRipsPersistenceGenerators, topoAEppTeaser.pvsm
TTKSignedDistanceField, topologicalOptimization_pegasus.pvsm topologicalOptimization_torus.pvsm
TTKDarkroomCamera, cinemaDarkroom.py
TTKDarkroomColorMapping, cinemaDarkroom.py
TTKDarkroomCompositing, cinemaDarkroom.py
TTKDarkroomSSAO, cinemaDarkroom.py
TTKDarkroomSSSAO, cinemaDarkroom.py
TTKDarkroomIBS, cinemaDarkroom.py
TTKDarkroomSSDoF, cinemaDarkroom.py
TTKDarkroomFXAA, cinemaDarkroom.py
TTKTrackingFromOverlap, nestedTrackingFromOverlap.py
TTKMeshGraph, nestedTrackingFromOverlap.py
TTKIcosphere, webSocketIO.py
TTKWebSocketIO, webSocketIO.py
